stream_name,k,silhouette_score,inertia,row_count,rank_within_stream
home_care,5,0.5122111262767189,96.22512697924752,139,1
home_care,3,0.5012841573126917,176.96382058453636,139,2
home_care,4,0.4940178343008403,123.1166687263798,139,3
home_care,6,0.48590191948427097,69.15307546436873,139,4
residential,3,0.5085624804483446,3103.82504430618,2798,1
residential,4,0.4786654763180023,2079.456008006939,2798,2
residential,6,0.43177776846581256,1354.0656125477728,2798,3
residential,5,0.41465022456076617,1617.241488895856,2798,4
restorative_care,6,0.4134989136956597,117.62185287287622,193,1
restorative_care,5,0.4123303967761836,145.85782211503334,193,2
restorative_care,3,0.3984642730552715,248.12630494471955,193,3
restorative_care,4,0.39842786030733457,191.87663228275568,193,4
