facility_id,facility_supply_places,regional_demand_people,regional_supply_places,regional_demand_pressure,facility_supply_share_lga,cluster_id
f52839f6-aad1-4530-a1b9-be65b55db10a,2,278,2,139.0,1.0,1
6682630d-b46b-417a-88a8-9a92cc3df8a6,4,2,4,0.5,1.0,0
eb4a1fda-eacd-40f9-8798-456600cc5b51,3,75,11,6.818181818181818,0.2727272727272727,4
8599f1a8-f2e0-462a-8ced-36998623830d,6,26,6,4.333333333333333,1.0,0
ab323dcc-263c-449f-93cb-51b782edb74a,6,103,6,17.166666666666668,1.0,1
e0170c77-7a32-42d5-ad6f-7e32744510b0,4,0,4,0.0,1.0,0
bf2f4f92-a93d-4977-9cb3-83c3e6635883,10,388,10,38.8,1.0,1
08694788-5fb6-4736-b83d-c10b3e9b172a,4,24,4,6.0,1.0,0
88c4f338-96d6-46c3-99ca-6cd38341b71e,2,0,2,0.0,1.0,0
daf7b2a6-83e4-460d-b09a-b2f0dc448652,8,0,8,0.0,1.0,0
2088a221-8d77-405c-bdad-cbc7c71226db,2,0,2,0.0,1.0,0
4b57c2fa-c5fc-4e7e-85c9-34af8cebc9bc,9,0,9,0.0,1.0,0
9fb718bd-73d5-4082-8933-e7d2178e826a,1,262,1,262.0,1.0,1
d4fca3a2-468e-4490-b1ff-500febb1f9cb,14,61,14,4.357142857142857,1.0,2
8cef3fb0-6765-4fb6-86e0-f58bd0e64aaa,12,0,12,0.0,1.0,0
2a7cb80e-d65c-4f76-ae9c-9866c8601c35,6,0,6,0.0,1.0,0
f2bc53a8-4d88-49c3-b34d-5ad54fdbab58,15,18,21,0.8571428571428571,0.7142857142857143,2
5ed2dde4-9904-4ed8-9ce8-002b46472145,6,18,21,0.8571428571428571,0.2857142857142857,4
11af3703-cec8-4902-8774-e90f53efe4fc,13,87,14,6.214285714285714,0.9285714285714286,2
8a43dc96-4dd2-4290-b15f-e988ce201a45,8,11,8,1.375,1.0,0
1d505e58-55c6-49eb-92b7-10d19607db0b,10,12,10,1.2,1.0,0
e27e01ea-a847-45d4-8132-6d2cbbcefbe1,18,17,18,0.9444444444444444,1.0,2
0db47169-232f-4837-82f0-256424cb3bf3,7,75,11,6.818181818181818,0.6363636363636364,4
b8c98f8f-aae3-4ec5-996c-6c07504a0cd8,2,0,4,0.0,0.5,4
f6de3a27-5048-42e5-a582-2e7efc10816a,6,0,6,0.0,1.0,0
80c0e3cd-90ef-455e-b157-ec926d7afd18,3,210,3,70.0,1.0,1
409f2029-1abb-4ba0-b965-d07bcc9e353a,8,19,8,2.375,1.0,0
7944fb09-0684-49c9-adb7-4923eba4a5b1,3,149,3,49.66666666666666,1.0,1
4cf41815-1eb9-43a7-9056-6bfe23196e05,2,0,4,0.0,0.5,4
9fcb766d-1f90-4cf0-b4a2-50453a8b53dd,6,0,6,0.0,1.0,0
4594d327-c448-4bdb-9f25-ba4f759efb39,2,0,6,0.0,0.3333333333333333,4
63314d04-58df-475b-88f2-48654fceb095,5,2,5,0.4,1.0,0
b484cd47-b297-4bed-99e4-dc6df78b7b14,6,238,6,39.66666666666666,1.0,1
615203e5-ac51-4548-9728-a2af39e1f3e7,8,0,8,0.0,1.0,0
1fb30514-9b61-4579-a298-4738201d6d94,2,0,2,0.0,1.0,0
c16d4fb1-a6aa-465d-a6e1-fac4f04f26ce,3,275,3,91.66666666666669,1.0,1
3a90eca3-a9c2-4b7f-8a35-ed45126ad950,7,155,7,22.142857142857142,1.0,1
134446ef-4f1f-4712-8b79-d5c9907a3776,17,25,17,1.4705882352941178,1.0,2
919008db-8f5e-44d6-ba01-ead273838a55,3,50,3,16.666666666666668,1.0,1
807802af-51ec-4312-83a3-a6cdb15048e3,10,0,10,0.0,1.0,0
46ef18e7-de23-4849-a018-e49641e14a0d,5,0,5,0.0,1.0,0
995b626a-5b93-40b0-bbcf-ed6327d541c6,4,0,4,0.0,1.0,0
591f5b7e-f5b2-4656-b641-0e8490c73b39,2,0,2,0.0,1.0,0
2574d071-3956-4e84-b2ce-0637709ee5f3,4,0,4,0.0,1.0,0
41dd98f1-0151-4863-be12-58e607ec5f7b,2,0,2,0.0,1.0,0
fc58d744-3f0d-4cb5-a6c2-2217ea213b6b,4,0,4,0.0,1.0,0
001085ed-daf6-48a5-9029-ac890675c5c1,4,0,4,0.0,1.0,0
1b1b23ef-4eb5-4b2c-a678-793805a3d996,3,0,3,0.0,1.0,0
9084801c-3ae4-49f9-a6e2-368e6ba5beab,7,0,7,0.0,1.0,0
b94386e0-96dd-497b-a5b8-4b42c5d463cb,7,0,7,0.0,1.0,0
04b76f6c-b570-4b43-9901-72259723ed0a,11,0,11,0.0,1.0,0
f7ede5a9-9079-43f8-9aa3-a47776d6d5d6,5,0,5,0.0,1.0,0
34f93000-c64a-43e2-8a5d-780ffef8ad47,6,0,6,0.0,1.0,0
190920b9-2ccb-415d-95b3-c2979e157147,1,0,1,0.0,1.0,0
7f7bac38-ee7b-4660-a218-3df15eeaa501,8,0,8,0.0,1.0,0
5374a4c7-86cc-45ba-bc2c-50763524131b,3,0,3,0.0,1.0,0
20dfc518-61ec-4280-a67e-044e19328696,3,0,3,0.0,1.0,0
aeb6e2be-1ce9-4bf2-9e50-0c85f21e62a6,1,0,1,0.0,1.0,0
2d0b1ef1-5cb2-44fb-858f-45fef0b82e13,2,0,2,0.0,1.0,0
b00e04d0-1166-4657-93fc-a513fd830221,2,0,2,0.0,1.0,0
9f6e8934-8e4a-4d8b-a726-d52e2731b0c0,2,0,2,0.0,1.0,0
051b7a91-9c4a-40f8-9494-17fc4977edbf,2,0,2,0.0,1.0,0
fb98bb46-4e62-432e-8904-4b5c3f7c2ebb,5,0,5,0.0,1.0,0
fbb44a0c-573a-492c-bbe3-f5dac1d2ddf6,6,213,6,35.5,1.0,1
a143f42e-7011-4c1f-9e3a-7f31dbcee1ff,1,75,11,6.818181818181818,0.0909090909090909,4
72c612f3-7075-46b8-8a93-eebf392b5489,4,0,4,0.0,1.0,0
2a681910-53c7-4fe1-83f9-322a3c0b1f42,1,71,1,71.0,1.0,1
fe8da2f5-f603-4ba9-9c5d-cdd72a4fea52,6,0,6,0.0,1.0,0
587ca819-76b3-4ad6-9203-84d7ddb850ff,10,0,10,0.0,1.0,0
55607594-068d-4543-a580-f9571b3cde31,69,1452,69,21.043478260869566,1.0,2
b7389609-5483-44b5-86dc-3abef85a09ee,7,35,7,5.0,1.0,0
544c9d4f-e606-4370-8fd9-adabc2d6c058,39,4014,39,102.92307692307692,1.0,2
2004df0c-b57f-4b3c-98ca-cea113bc7fb0,5,18,5,3.6,1.0,0
48756817-2655-4296-9d82-6e7a049a0a12,5,318,5,63.6,1.0,1
e472d16c-06ca-4c1f-a43b-3b40bf80dd18,7,0,7,0.0,1.0,0
e1a096ef-568f-4e70-943f-aa3019a10335,2,0,2,0.0,1.0,0
4d76558b-8da2-4d09-bee8-890258271bdc,20,0,20,0.0,1.0,2
782d5697-4e5f-45e3-8d4f-ba88faa434f2,52,0,52,0.0,1.0,2
6ee0ebd4-7261-417d-bf02-53766d03514a,50,1803,50,36.06,1.0,2
9f87c3f6-1005-42c9-ba72-fc3d4883f04b,8,0,8,0.0,1.0,0
349e0c60-3e27-4f75-aea1-727701829b21,13,0,17,0.0,0.7647058823529411,0
c6e0ff86-b010-4be9-a166-ed49879b4024,4,0,17,0.0,0.2352941176470588,4
66566b9f-fd4c-4995-92a3-b4d3ffda5213,12,37,12,3.083333333333333,1.0,2
37813a0d-449f-4df6-8702-5c3972af461f,22,14,22,0.6363636363636364,1.0,2
b77c13e8-ce50-4ecb-8e9a-d076c2856a0a,60,0,179,0.0,0.3351955307262569,3
43053cb2-2b66-4b05-a5fa-94ff8d3e5f38,1,33,1,33.0,1.0,1
f444eee1-1d91-45fe-b946-c62ab0e5bfe9,10,7,20,0.35,0.5,3
1a43c609-495f-4fd5-854f-1ffb6701a02a,10,7,20,0.35,0.5,3
4eaebc06-273a-4dc7-a644-b3bb0cd01500,35,0,35,0.0,1.0,2
8118b4ab-8901-4983-9f30-1a686d7601a2,1,87,14,6.214285714285714,0.0714285714285714,4
458c2b2d-682e-4a88-8df2-c23ac4a4ec46,4,5,5,1.0,0.8,0
13de14c9-004d-46d0-ba5d-fdef98b564d1,4,106,4,26.5,1.0,1
b4fe23ed-289c-4cd2-b5cb-0386513f9952,1,5,5,1.0,0.2,4
57536eb0-a9d0-4027-89c9-a7f6714ab12d,2,0,2,0.0,1.0,0
8df51868-f7a7-43ee-b15f-81c79ee43ee3,3,2268,3,756.0,1.0,1
50caffee-0efb-4830-9018-c59c6c4d78bf,2,123,2,61.5,1.0,1
17e906be-3f9d-4bb2-8014-130c6f2def61,1,817,1,817.0,1.0,1
4dc5bc8b-7a76-4a2c-b004-bde7a8090ce2,2,0,2,0.0,1.0,0
608cbeb8-a94c-41e7-bf26-3b52767f349a,8,138,11,12.545454545454543,0.7272727272727273,1
75b6d878-1a0d-4868-8ed5-d6b7bc45527e,4,0,6,0.0,0.6666666666666666,0
a7dfa701-fbc6-41a1-9ed5-e732345a00ae,3,0,3,0.0,1.0,0
9c5d9dcd-1bf1-4e4e-91a0-7d4aad13a60a,3,1633,3,544.3333333333334,1.0,1
a9010747-ddb2-492f-ad41-e787025e506d,5,2283,5,456.6,1.0,1
46e8deb3-c285-4d52-a9b2-bb8df76b237f,5,0,5,0.0,1.0,0
b637354f-7b97-4957-bc8a-4122b08c30e5,4,0,4,0.0,1.0,0
21e8be6c-afe5-4d0f-ae41-8b5fdbe75f0a,5,0,5,0.0,1.0,0
12f3c874-c4d1-4218-84a1-88cd5d28269d,3,138,11,12.545454545454543,0.2727272727272727,4
a1c456fb-bb60-4348-8643-b6ffa1340ff6,60,3,95,0.031578947368421,0.631578947368421,3
25e6d894-4c8f-45ce-b66a-cb7811554804,2,0,2,0.0,1.0,0
bcefda5b-9f9d-453a-945f-57c860937196,2,0,2,0.0,1.0,0
4c11f127-95a3-4239-9b1c-494b2885d592,5,0,5,0.0,1.0,0
c0840dc9-4b81-4701-811c-99956fe1741f,55,0,179,0.0,0.3072625698324022,3
2f65c106-8c79-4c32-913e-d97ae17532ba,3,0,3,0.0,1.0,0
d05999ee-04be-4f48-ab5e-d1287d67c1cb,4,0,4,0.0,1.0,0
ebbb5758-add9-49c7-89e1-a99a75f0e7f9,4,0,4,0.0,1.0,0
ce0bb552-c6c5-4e05-8f54-04237cbc87ec,4,0,4,0.0,1.0,0
3c56e128-f364-4647-95ba-38e792ebba5d,18,0,179,0.0,0.1005586592178771,3
300d38a5-bb0f-4ebf-8ef6-4d8ee5af95cf,1,0,1,0.0,1.0,0
5cd50990-2efa-4365-b9ee-f5f65b69b482,3,0,3,0.0,1.0,0
9eb977e1-4e14-459b-8655-dcc19cc8d3ce,1,0,1,0.0,1.0,0
61f21b93-9189-481b-b0d7-cc489bc18f69,20,0,20,0.0,1.0,2
53547c91-ab8b-404d-87e0-54b89fb92575,18,0,18,0.0,1.0,2
4dda1a7a-476e-440d-8ddc-c63741b3886b,18,0,18,0.0,1.0,2
350dab7a-7b48-4d01-8564-00d6a7e79035,18,0,18,0.0,1.0,2
a1272631-20d6-44da-ad5c-580afcbfb4e3,50,5,50,0.1,1.0,2
dc69a7a7-f5da-4311-90cf-65a663afcf10,52,155,144,1.0763888888888888,0.3611111111111111,3
70be62ed-b4ad-4b2b-a6eb-bb563208aa01,35,3,95,0.031578947368421,0.3684210526315789,3
be243227-f059-47a2-8090-859efe95f295,11,0,179,0.0,0.0614525139664804,3
0d5142e2-ca76-4f1d-b8ec-1ea807a7f579,15,6,15,0.4,1.0,2
6d56c33c-05d3-4861-8ddd-22d3790675bf,35,0,179,0.0,0.1955307262569832,3
ecf9491e-70f1-418b-9fd8-045f8803a20d,32,155,144,1.0763888888888888,0.2222222222222222,3
c8bccc30-9af3-4893-a98f-3d9764c80e5f,44,21,44,0.4772727272727273,1.0,2
297ee8a8-af1d-4d15-8c9e-8637496afe59,60,662,60,11.033333333333331,1.0,2
c5928af7-ae41-4c99-97f8-ed5781cc7e7f,75,592,75,7.893333333333333,1.0,2
f1d7dcbb-7789-43b8-a6e4-36f9151ba913,75,799,75,10.653333333333334,1.0,2
30a3cc43-96e2-4e33-b7d4-a733b614249a,75,28314,75,377.52,1.0,2
67509b31-c40a-4f85-9476-77c9a8543821,75,762,75,10.16,1.0,2
9984873f-1d81-4797-9b7d-96ece6b4a1f5,60,155,144,1.0763888888888888,0.4166666666666667,3
42bccd09-b462-44e4-9c9a-e0202cee22b5,60,5162,60,86.03333333333333,1.0,2
