id,lga_code,lga_name,care_type,people_count,created_at
f24d2c37-20f4-40fa-b7d6-3673298f3cf2,10050,Albury,TPC,0,2026-04-07 14:09:59.519524
486df2e9-f03b-4d36-b6c3-b071226da479,10750,Blacktown,TPC,0,2026-04-07 14:09:59.519524
4525a8b6-a4e4-4134-b9d3-c173a74651c5,11520,Canada Bay,TPC,94,2026-04-07 14:09:59.519524
4d3f71e5-3e21-4985-abc4-067946caf45b,11570,Canterbury-Bankstown,TPC,0,2026-04-07 14:09:59.519524
ead4c1ce-5c25-40b0-a97e-d6363a3aec54,11650,Central Coast (NSW),TPC,128,2026-04-07 14:09:59.519524
7b9ecdab-c426-4a92-a4f5-947cc9724f85,12350,Cowra,TPC,0,2026-04-07 14:09:59.519524
812c4c9e-3e82-4ef9-8faf-945c1791bb99,12390,Dubbo,TPC,69,2026-04-07 14:09:59.519524
343a38ea-7e58-4c76-8c01-9a86e74ae736,13310,Goulburn Mulwaree,TPC,0,2026-04-07 14:09:59.519524
9f4921ab-4a19-439e-a6b0-9c933da1c974,14220,Inverell,TPC,0,2026-04-07 14:09:59.519524
ec513e59-e6b8-4761-b323-a80d33b07906,14500,Ku-ring-gai,TPC,0,2026-04-07 14:09:59.519524
93ec8540-343f-4355-94d1-88e687124131,14650,Lake Macquarie,TPC,0,2026-04-07 14:09:59.519524
7f4c9756-206f-4658-b3f4-ba941264063f,14700,Lane Cove,TPC,0,2026-04-07 14:09:59.519524
087ae6bc-fb6d-4092-ba37-e527a15aa33b,14850,Lismore,TPC,79,2026-04-07 14:09:59.519524
d87f5143-7c7d-41bf-bed1-6803784316ab,14900,Liverpool,TPC,117,2026-04-07 14:09:59.519524
3cf539a4-5a72-49bf-b893-ee7e07873adc,15900,Newcastle,TPC,0,2026-04-07 14:09:59.519524
3aac85c7-e3e0-4c0d-8118-3149f04e4018,16150,Orange,TPC,0,2026-04-07 14:09:59.519524
31a92617-9446-4340-8880-693ae69b9a1e,16260,Parramatta,TPC,93,2026-04-07 14:09:59.519524
67c11696-5f30-426f-ba70-63e060c1bbc4,16350,Penrith,TPC,51,2026-04-07 14:09:59.519524
8c6bdc98-6697-4ee6-8972-a0eb3064acc7,16380,Port Macquarie-Hastings,TPC,59,2026-04-07 14:09:59.519524
bc31f7b8-99b0-4417-aedf-fd162cbbfa55,16700,Ryde,TPC,99,2026-04-07 14:09:59.519524
2dd33d66-d49c-4bec-9e67-6dbf5ab0f545,16950,Shoalhaven,TPC,0,2026-04-07 14:09:59.519524
7607f708-7628-4b52-bda8-59ae3b5d3c39,17040,Snowy Monaro,TPC,58,2026-04-07 14:09:59.519524
4872ec84-3b3d-4342-9dd6-09fc0daf16fc,17150,Sutherland,TPC,0,2026-04-07 14:09:59.519524
ed5bf3ca-cdad-4638-beb1-97b1311af42d,17200,Sydney,TPC,176,2026-04-07 14:09:59.519524
78c5012b-0641-4822-8aa7-c537b0dbce57,17310,Tamworth,TPC,189,2026-04-07 14:09:59.519524
efc95a26-040b-4746-96a2-8e467f7ecc89,17550,Tweed,TPC,0,2026-04-07 14:09:59.519524
1ab6358f-4ac5-47b6-b9cd-2cf90144ab8e,17750,Wagga Wagga,TPC,120,2026-04-07 14:09:59.519524
fc672532-fd07-41ee-989f-07f28a5c4a5d,18250,Willoughby,TPC,0,2026-04-07 14:09:59.519524
e16c8418-9dc8-4bcc-91e2-8548a81333af,18450,Wollongong,TPC,124,2026-04-07 14:09:59.519524
9fca9cfb-26ab-48ac-a3dd-f1e615cce55c,20570,Ballarat,TPC,57,2026-04-07 14:09:59.519524
306b933b-aedb-4863-8617-6e12b4ad504b,20660,Banyule,TPC,52,2026-04-07 14:09:59.519524
418970a5-d775-4de4-9a23-d37ce7c4518f,21010,Benalla,TPC,0,2026-04-07 14:09:59.519524
1f8e2b22-f55a-4f3f-8539-118370da7642,21110,Boroondara,TPC,61,2026-04-07 14:09:59.519524
b5fb38b4-1778-4269-9591-55564cceefa6,21750,Colac Otway,TPC,0,2026-04-07 14:09:59.519524
ed0c6714-44d8-440e-83d6-0888faf54447,21890,Darebin,TPC,63,2026-04-07 14:09:59.519524
ca6bf6fb-f66a-493e-bc06-59e11c73f0ec,22170,Frankston,TPC,62,2026-04-07 14:09:59.519524
76abd29f-7179-4e01-8f32-ab3827ba8fb0,22310,Glen Eira,TPC,72,2026-04-07 14:09:59.519524
1b480604-af3b-4605-aeb4-9fab36c3acf7,22620,Greater Bendigo,TPC,62,2026-04-07 14:09:59.519524
d71c62b6-f2f6-4e63-9689-645d5ecf12fa,22750,Greater Geelong,TPC,38,2026-04-07 14:09:59.519524
02f9c02f-450d-43e5-af40-11ec21109733,22830,Greater Shepparton,TPC,69,2026-04-07 14:09:59.519524
02a5b3d2-9b9e-4faa-9269-db94ca1cbfbd,23430,Kingston (Vic.),TPC,73,2026-04-07 14:09:59.519524
15c00f45-f91d-4329-bfa7-c9d3fb91d063,23670,Knox,TPC,0,2026-04-07 14:09:59.519524
106ee073-41c5-499c-9ae8-eb565554e4de,23810,Latrobe (Vic.),TPC,35,2026-04-07 14:09:59.519524
af29d334-7e54-48d8-86bf-236cb36914fe,24330,Maribyrnong,TPC,67,2026-04-07 14:09:59.519524
2194518a-3700-4234-ae5b-e7492bc9bce6,24410,Maroondah,TPC,93,2026-04-07 14:09:59.519524
0d43fdcc-769a-4fe5-9e6b-8fe7bcaa0da7,24600,Melbourne,TPC,60,2026-04-07 14:09:59.519524
885c9e01-9321-4e19-b4b8-4874868608b8,24700,Merri-bek,TPC,0,2026-04-07 14:09:59.519524
047fc8a1-d500-4a9a-9296-743e3cac56b4,24780,Mildura,TPC,17,2026-04-07 14:09:59.519524
d6fd3f3c-f51a-41cb-a67c-ca53d7c26882,25340,Mornington Peninsula,TPC,0,2026-04-07 14:09:59.519524
b992cc8b-74a1-454d-89ef-a5b984e97dfc,25490,Moyne,TPC,0,2026-04-07 14:09:59.519524
f4cdb6e9-746e-4997-827e-4069351f4701,26260,Southern Grampians,TPC,5,2026-04-07 14:09:59.519524
eac5c5c2-586c-4352-8a0d-0daf1cb3fdf5,26730,Warrnambool,TPC,16,2026-04-07 14:09:59.519524
caa7ea51-0e54-4b15-973d-445f65a718ff,26810,Wellington,TPC,0,2026-04-07 14:09:59.519524
bab3dcac-e114-4d63-b7c2-388ec0db5316,26980,Whitehorse,TPC,0,2026-04-07 14:09:59.519524
89d9ea80-a8c5-49a1-b33b-548131b743f4,27070,Whittlesea,TPC,0,2026-04-07 14:09:59.519524
2080a5e3-4f91-4190-b2bc-0fc246475abb,27260,Wyndham,TPC,4,2026-04-07 14:09:59.519524
10ba3a32-3e31-4f46-bfd7-1898187f112b,27350,Yarra,TPC,0,2026-04-07 14:09:59.519524
37104512-05be-4643-9c4d-a1b747651b14,31000,Brisbane,TPC,289,2026-04-07 14:09:59.519524
87efcaf1-dbf3-4bea-9c67-6e1d7404dd62,31820,Bundaberg,TPC,58,2026-04-07 14:09:59.519524
f1294461-8e44-419c-999f-4a71af288472,32080,Cairns,TPC,39,2026-04-07 14:09:59.519524
eabe9be3-6c79-4694-a172-5b53cf146053,33430,Gold Coast,TPC,92,2026-04-07 14:09:59.519524
e2d86bed-5fdf-4584-9722-d9c2b9b8c9df,33960,Ipswich,TPC,38,2026-04-07 14:09:59.519524
4e14a65f-78d9-4c1a-91c6-26baec4550dc,34710,Longreach,TPC,0,2026-04-07 14:09:59.519524
65a342e3-6a41-4268-965e-db67cf5158ba,34770,Mackay,TPC,17,2026-04-07 14:09:59.519524
552e5f40-f778-4219-bd22-e10818ffcee3,35010,Moreton Bay,TPC,0,2026-04-07 14:09:59.519524
0f965956-c5d4-4b0d-ae9e-176025dcc69c,36370,Rockhampton,TPC,25,2026-04-07 14:09:59.519524
69494eea-34d6-47fe-ae3d-d16e1c6f30c3,36720,Sunshine Coast,TPC,59,2026-04-07 14:09:59.519524
93ba4d15-7574-43de-a58c-88b5a1d94b19,36910,Toowoomba,TPC,43,2026-04-07 14:09:59.519524
74305bb0-4d59-47b8-b304-8ffb456f3352,37010,Townsville,TPC,33,2026-04-07 14:09:59.519524
bc9b3d2b-765e-4862-932d-2c2cb5717947,40070,Adelaide,TPC,0,2026-04-07 14:09:59.519524
1102522b-4d5e-4ef1-b38b-3d99e3106e09,40120,Adelaide Hills,TPC,84,2026-04-07 14:09:59.519524
3aec48ee-07ee-4087-a157-b83c71e5bed1,40910,Campbelltown (SA),TPC,0,2026-04-07 14:09:59.519524
8d374414-7398-43e0-8c6c-6794ad57731f,41060,Charles Sturt,TPC,0,2026-04-07 14:09:59.519524
445d9638-48d8-474b-8a53-47818ce65bd1,44060,Marion,TPC,69,2026-04-07 14:09:59.519524
33a5e65c-9f45-4115-b297-2216fe9105b5,45040,Murray Bridge,TPC,0,2026-04-07 14:09:59.519524
720c9cc9-1357-44d8-b02f-a25a92537820,45290,Norwood Payneham and St Peters,TPC,0,2026-04-07 14:09:59.519524
a80d6098-037e-4d48-8c75-56f952a8fbc1,45680,Playford,TPC,0,2026-04-07 14:09:59.519524
024dc817-18f7-493b-86cd-8b80c4e2af94,45890,Port Adelaide Enfield,TPC,150,2026-04-07 14:09:59.519524
797ea4b3-925f-46a9-8600-a264ba75e72e,47980,Unley,TPC,0,2026-04-07 14:09:59.519524
87c498c1-3f9e-49b7-af4b-e145b947f6a9,48410,West Torrens,TPC,0,2026-04-07 14:09:59.519524
9ec551af-b312-4dfc-8c5c-7d03130ffb7f,50080,Albany,TPC,3,2026-04-07 14:09:59.519524
b7024838-a42a-4c4f-a908-4ac3e2c178f6,50420,Bayswater,TPC,101,2026-04-07 14:09:59.519524
532777d9-b4bd-491c-9ff0-c622a7351850,50490,Belmont,TPC,8,2026-04-07 14:09:59.519524
49989bbc-f54a-4ae6-8526-af7ead14856a,50980,Broome,TPC,1,2026-04-07 14:09:59.519524
d0a2dd18-f2f4-44dd-a603-1b94c72d5cad,51190,Bunbury,TPC,2,2026-04-07 14:09:59.519524
6a8e8ed9-fa47-4ac4-9f10-d38e07ac5e2d,53780,Gosnells,TPC,0,2026-04-07 14:09:59.519524
87755ee4-8d20-4d22-9205-f736ac3eb7d9,53800,Greater Geraldton,TPC,10,2026-04-07 14:09:59.519524
99db8808-4595-4bdc-a33f-52682dc71df6,54170,Joondalup,TPC,159,2026-04-07 14:09:59.519524
ecffca26-c981-4230-a0cf-5bdd1266430f,55740,Mosman Park,TPC,46,2026-04-07 14:09:59.519524
1dac8e32-4d9a-4a42-81fc-90f7941a5916,57080,Perth,TPC,31,2026-04-07 14:09:59.519524
3a6e92fe-557a-4774-ba60-33631864048e,58050,Swan,TPC,4,2026-04-07 14:09:59.519524
54966c58-fe48-4be5-9345-946347026cba,58510,Victoria Park,TPC,64,2026-04-07 14:09:59.519524
d61b8131-4857-4083-a5f9-46fd479a1d65,60610,Burnie,TPC,9,2026-04-07 14:09:59.519524
66a87cd5-716d-450f-816e-b34656e086c5,61410,Clarence,TPC,0,2026-04-07 14:09:59.519524
4a5499f3-0b4d-4024-8c73-4a0778f9889e,61610,Devonport,TPC,0,2026-04-07 14:09:59.519524
d9442cf6-9bdb-4d1b-ac9a-b7df9e38e056,62610,Glenorchy,TPC,0,2026-04-07 14:09:59.519524
6f828b02-53bd-464d-8496-98cf3bbc0b7f,62810,Hobart,TPC,55,2026-04-07 14:09:59.519524
187d14c3-18a5-425e-b69e-9be903739ca9,64010,Launceston,TPC,32,2026-04-07 14:09:59.519524
a3b217e7-e3c1-4e50-8df3-4a3a7d031eba,65810,West Tamar,TPC,0,2026-04-07 14:09:59.519524
b5492171-e053-4df5-a5a5-b97314444d71,70200,Alice Springs,TPC,0,2026-04-07 14:09:59.519524
506e4891-59ec-484d-8ada-597691f21d72,71000,Darwin,TPC,46,2026-04-07 14:09:59.519524
e26542fc-1709-42bf-8344-40ba6f1f9965,74050,Tiwi Islands,TPC,0,2026-04-07 14:09:59.519524
eb0cd8c5-6dc2-49b5-a00d-9dcdbd6c8449,89399,Unincorporated ACT,TPC,73,2026-04-07 14:09:59.519524
7569f5de-b411-4a2a-9a22-0702cfcca71c,10050,Albury,STRC,5,2026-04-07 14:09:59.519524
68c100d1-b5fd-49b0-9a88-9acc17617513,10750,Blacktown,STRC,25,2026-04-07 14:09:59.519524
3f87b174-0bd8-4c8a-b165-19e246bb0c54,11520,Canada Bay,STRC,0,2026-04-07 14:09:59.519524
fc59c219-6885-4942-9693-c4ea475cc69d,11570,Canterbury-Bankstown,STRC,86,2026-04-07 14:09:59.519524
41de9d90-1507-41df-97d9-e52ba2c6896a,11650,Central Coast (NSW),STRC,49,2026-04-07 14:09:59.519524
60e681b8-6bfa-4490-b3b1-198acb61fb23,12350,Cowra,STRC,1,2026-04-07 14:09:59.519524
fe5db46f-9bdd-4674-b6bb-efab0a9aae4d,12390,Dubbo,STRC,8,2026-04-07 14:09:59.519524
649e8a97-10bd-44e9-9df0-39955a6c114c,13310,Goulburn Mulwaree,STRC,1,2026-04-07 14:09:59.519524
92270ca7-f08f-43c7-a411-43f55ddca365,14220,Inverell,STRC,21,2026-04-07 14:09:59.519524
dc5f5b28-1779-4d07-97f8-488baa72ca79,14500,Ku-ring-gai,STRC,20,2026-04-07 14:09:59.519524
44d54c6a-c8b5-42ac-8e4e-bc9c89cccc10,14650,Lake Macquarie,STRC,1,2026-04-07 14:09:59.519524
133ba3a6-96f1-427f-aa6a-a1bc55d05e5a,14700,Lane Cove,STRC,4,2026-04-07 14:09:59.519524
d239f227-a3d2-4585-aa7d-831ba31fe88f,14850,Lismore,STRC,0,2026-04-07 14:09:59.519524
518b6a6f-6ca5-4b97-af9d-707185b4495b,14900,Liverpool,STRC,24,2026-04-07 14:09:59.519524
a3e08538-4f6e-427f-b016-1aa195f6db17,15900,Newcastle,STRC,59,2026-04-07 14:09:59.519524
bc0a617a-f361-4569-8687-c57d13554e24,16150,Orange,STRC,5,2026-04-07 14:09:59.519524
27bf6709-cd06-49a1-844c-c635cba5a841,16260,Parramatta,STRC,21,2026-04-07 14:09:59.519524
ac6365b7-4416-4155-96a3-4b34dcdbee20,16350,Penrith,STRC,0,2026-04-07 14:09:59.519524
1df3a66d-e4d7-45c1-b541-f5765ae7b972,16380,Port Macquarie-Hastings,STRC,35,2026-04-07 14:09:59.519524
cb83a70a-86c4-4b68-bb40-85159378d604,16700,Ryde,STRC,30,2026-04-07 14:09:59.519524
39ebf171-e332-4bab-823c-644706c20146,16950,Shoalhaven,STRC,10,2026-04-07 14:09:59.519524
b71ca648-6a91-4924-8bea-87e39e91a206,17040,Snowy Monaro,STRC,0,2026-04-07 14:09:59.519524
7db1f370-ecf9-45d8-8973-7c95021f9d31,17150,Sutherland,STRC,14,2026-04-07 14:09:59.519524
a60b33cb-27b8-468b-b045-ac47cd1327fd,17200,Sydney,STRC,9,2026-04-07 14:09:59.519524
81696fb7-c518-4f0d-bec5-d91de0e73770,17310,Tamworth,STRC,0,2026-04-07 14:09:59.519524
b6f6f536-ac56-4c25-acba-bd02b3584e43,17550,Tweed,STRC,23,2026-04-07 14:09:59.519524
8fd12c1c-ae42-4237-8660-3648ad0fcc5c,17750,Wagga Wagga,STRC,3,2026-04-07 14:09:59.519524
e8a62df2-95da-4b45-b18d-9183098bb459,18250,Willoughby,STRC,8,2026-04-07 14:09:59.519524
6c22f577-0820-4ad4-be88-e313595fd3d9,18450,Wollongong,STRC,0,2026-04-07 14:09:59.519524
e86f6c2d-8d78-49ac-a860-ea51e3158ff0,20570,Ballarat,STRC,34,2026-04-07 14:09:59.519524
1c64996c-d344-4c4e-a5e0-9b04fb02389b,20660,Banyule,STRC,0,2026-04-07 14:09:59.519524
16b0b6e2-3c04-4638-992f-6725eb42503a,21010,Benalla,STRC,15,2026-04-07 14:09:59.519524
ee8051d8-a800-4f4b-bac5-5458ea01ed85,21110,Boroondara,STRC,8,2026-04-07 14:09:59.519524
fdf239ad-2114-42a0-9edb-221020267b19,21750,Colac Otway,STRC,14,2026-04-07 14:09:59.519524
42f44da3-9841-4fbf-8051-bacedf9badf0,21890,Darebin,STRC,0,2026-04-07 14:09:59.519524
51f534b4-22b2-4cdd-ad96-355222763d1b,22170,Frankston,STRC,0,2026-04-07 14:09:59.519524
eb01d536-838f-46c3-bdc5-7a93e40de3ac,22310,Glen Eira,STRC,0,2026-04-07 14:09:59.519524
375a0b22-c713-4137-ab93-31b2f370b01c,22620,Greater Bendigo,STRC,7,2026-04-07 14:09:59.519524
9e0803f3-9383-45ef-86fe-d437906ae0c1,22750,Greater Geelong,STRC,21,2026-04-07 14:09:59.519524
31b07272-fc91-4270-977d-332d52fbf74e,22830,Greater Shepparton,STRC,20,2026-04-07 14:09:59.519524
dacf2194-db7c-4baa-bec3-6d2c0111ccfe,23430,Kingston (Vic.),STRC,0,2026-04-07 14:09:59.519524
fc8534ba-3dfe-4ae6-92d3-4d76ca4a052c,23670,Knox,STRC,31,2026-04-07 14:09:59.519524
0c811f90-5369-4c1c-8db6-725d6fa4ad7f,23810,Latrobe (Vic.),STRC,0,2026-04-07 14:09:59.519524
bdc219b9-74b4-415c-80bd-59ff18ae6742,24330,Maribyrnong,STRC,0,2026-04-07 14:09:59.519524
02106682-c7ea-4568-a75f-1fb98842591b,24410,Maroondah,STRC,15,2026-04-07 14:09:59.519524
208ad354-f432-47cb-8895-df5e4b0a02d7,24600,Melbourne,STRC,65,2026-04-07 14:09:59.519524
e7691af1-857f-4701-805a-3f35036634a7,24700,Merri-bek,STRC,10,2026-04-07 14:09:59.519524
51a9aa6d-4f9d-4d26-a155-0fd1e307e8fc,24780,Mildura,STRC,3,2026-04-07 14:09:59.519524
aa27c5f1-f262-4c41-ade6-1aea2da00b32,25340,Mornington Peninsula,STRC,10,2026-04-07 14:09:59.519524
2ccf679a-70ef-4041-b484-63dfcfc2ccf4,25490,Moyne,STRC,8,2026-04-07 14:09:59.519524
841ce66c-7bbf-4d56-88db-c8cdccd88a2e,26260,Southern Grampians,STRC,0,2026-04-07 14:09:59.519524
81ccb3fe-e94f-4f8f-a90a-cec8925217c5,26730,Warrnambool,STRC,0,2026-04-07 14:09:59.519524
f0e3696c-43f8-4f86-ba9a-87cf6d5ce87a,26810,Wellington,STRC,8,2026-04-07 14:09:59.519524
93bb2842-d073-4372-b505-2d503e961259,26980,Whitehorse,STRC,73,2026-04-07 14:09:59.519524
2fb5440e-8b75-434d-8bb3-398efeb9d751,27070,Whittlesea,STRC,20,2026-04-07 14:09:59.519524
cb2fa7e6-b73a-4397-abac-43ee224b9dca,27260,Wyndham,STRC,0,2026-04-07 14:09:59.519524
ddf93180-2beb-4f8c-950c-840be381f584,27350,Yarra,STRC,14,2026-04-07 14:09:59.519524
aebd3c0b-e3a1-4881-8bce-228c2496357f,31000,Brisbane,STRC,20,2026-04-07 14:09:59.519524
28be4636-6a30-4247-9219-3a30ea51723f,31820,Bundaberg,STRC,0,2026-04-07 14:09:59.519524
d7635e14-869d-4e0c-8d48-30b5e08fcca4,32080,Cairns,STRC,68,2026-04-07 14:09:59.519524
37671579-4ce8-4569-a586-47f3200262a8,33430,Gold Coast,STRC,141,2026-04-07 14:09:59.519524
22e397fa-70ff-49a5-b8aa-508e2369053a,33960,Ipswich,STRC,0,2026-04-07 14:09:59.519524
93aa7180-a477-436c-b42d-9cc3c5ac92d5,34710,Longreach,STRC,6,2026-04-07 14:09:59.519524
b1e032cd-42a5-4e19-ac73-fc3fc981dfc1,34770,Mackay,STRC,8,2026-04-07 14:09:59.519524
66954306-f0a0-410f-b3c8-aaf316202b79,35010,Moreton Bay,STRC,59,2026-04-07 14:09:59.519524
47b563da-0a9f-49d3-89f1-a6e79490b6ec,36370,Rockhampton,STRC,25,2026-04-07 14:09:59.519524
05f074dc-7486-49d1-a216-4999a2305aeb,36720,Sunshine Coast,STRC,101,2026-04-07 14:09:59.519524
2f582bab-e2d8-41a3-b14c-d2b872e84d70,36910,Toowoomba,STRC,15,2026-04-07 14:09:59.519524
dceed8f8-594e-4d36-9393-7bfd90f49030,37010,Townsville,STRC,8,2026-04-07 14:09:59.519524
9f6abde2-7320-427c-8141-382e03967ba6,40070,Adelaide,STRC,3,2026-04-07 14:09:59.519524
babf80c0-98fa-48db-9dec-833f9644dabf,40120,Adelaide Hills,STRC,0,2026-04-07 14:09:59.519524
42501499-121e-49d5-ad3d-9cda2b1dbc36,40910,Campbelltown (SA),STRC,7,2026-04-07 14:09:59.519524
d88edf2c-8072-46b3-832c-5c8181820e31,41060,Charles Sturt,STRC,7,2026-04-07 14:09:59.519524
7f1c43be-efca-4509-a0cb-d424b67d8ff2,44060,Marion,STRC,16,2026-04-07 14:09:59.519524
e61edd2c-76dd-4da1-a7f7-ff6b5a3dea98,45040,Murray Bridge,STRC,4,2026-04-07 14:09:59.519524
06f8d02a-d63f-484e-a299-da43f42ee228,45290,Norwood Payneham and St Peters,STRC,8,2026-04-07 14:09:59.519524
ac5e0edc-7f25-44ac-b314-9c551038c707,45680,Playford,STRC,12,2026-04-07 14:09:59.519524
ea04e349-5220-42a7-a3c6-b53b3a7774eb,45890,Port Adelaide Enfield,STRC,0,2026-04-07 14:09:59.519524
7a0d2af5-bb7e-47d9-8325-6cad2493a9a9,47980,Unley,STRC,10,2026-04-07 14:09:59.519524
61e61f44-608e-43f6-b6c9-8482c66f317d,48410,West Torrens,STRC,7,2026-04-07 14:09:59.519524
3f14df52-6e06-40d5-b987-1128e97036b3,50080,Albany,STRC,5,2026-04-07 14:09:59.519524
3a585701-9cd4-4b67-abe4-03ca683d2a44,50420,Bayswater,STRC,0,2026-04-07 14:09:59.519524
fb3d1890-de70-4acb-83da-da15cfefad35,50490,Belmont,STRC,46,2026-04-07 14:09:59.519524
b9d8a230-b155-4f6b-ad6f-ed24c8fb50f9,50980,Broome,STRC,0,2026-04-07 14:09:59.519524
eb1ee80f-97b8-4624-b097-c42af122b8f4,51190,Bunbury,STRC,2,2026-04-07 14:09:59.519524
339d1f48-f594-4fbf-b756-039574751a78,53780,Gosnells,STRC,48,2026-04-07 14:09:59.519524
20e6670c-f6c7-46d0-b922-85e8093956d0,53800,Greater Geraldton,STRC,4,2026-04-07 14:09:59.519524
b65acb05-4620-4fe2-8b62-d538ba46deba,54170,Joondalup,STRC,0,2026-04-07 14:09:59.519524
e0fabfb6-b3f7-4718-9a31-d4baa3326387,55740,Mosman Park,STRC,0,2026-04-07 14:09:59.519524
05b36699-ea49-413b-9587-3f0e0fe8b9c1,57080,Perth,STRC,40,2026-04-07 14:09:59.519524
a67c4a2f-2eb0-4d92-9dab-5a1b1fa3b231,58050,Swan,STRC,57,2026-04-07 14:09:59.519524
a69a0e43-02b1-4dcc-b90d-5b510f476184,58510,Victoria Park,STRC,0,2026-04-07 14:09:59.519524
a8229419-e5ae-4b49-970b-8e5f583feedc,60610,Burnie,STRC,0,2026-04-07 14:09:59.519524
bb3dbd00-5b15-4a41-bfd4-8b3a0840a6ef,61410,Clarence,STRC,10,2026-04-07 14:09:59.519524
5da4429b-5d8e-48e2-8fea-f423526e5209,61610,Devonport,STRC,12,2026-04-07 14:09:59.519524
b93d4d6a-06e2-40ad-a7ba-30706be41376,62610,Glenorchy,STRC,25,2026-04-07 14:09:59.519524
80361086-07d7-4551-8d53-94b365ea18a1,62810,Hobart,STRC,0,2026-04-07 14:09:59.519524
8e5d325a-4e90-4fbf-886a-a3a28784014d,64010,Launceston,STRC,8,2026-04-07 14:09:59.519524
e1e430df-c1c8-4f91-ab5e-23bcb734234e,65810,West Tamar,STRC,4,2026-04-07 14:09:59.519524
5e58c716-5958-470b-bf69-2e75812d6727,70200,Alice Springs,STRC,1,2026-04-07 14:09:59.519524
374fb28d-9804-485a-a1b2-57ce8e51221d,71000,Darwin,STRC,25,2026-04-07 14:09:59.519524
aa964185-0ef2-4824-be68-b4c9f5b46c9b,74050,Tiwi Islands,STRC,2,2026-04-07 14:09:59.519524
c2985056-5836-4c2b-8c62-037ab2d77bbe,89399,Unincorporated ACT,STRC,18,2026-04-07 14:09:59.519524
