id,lga_code_2017,lga_name_2017,lga_type_2017,total_people_using_home_support,created_at
99ceda76-53a9-4136-b828-3a8d7a11c761,10050,Albury,C,2186,2026-04-07 13:13:23.748397
113ea49e-b043-4e28-948c-e3180e4f3ac9,10130,Armidale Regional,A,1273,2026-04-07 13:13:23.748397
587e0d53-c59c-48a0-b3a7-d48aa9cda584,10250,Ballina,A,2653,2026-04-07 13:13:23.748397
e4977f1e-0449-4419-9c30-b7bf150a1930,10300,Balranald,A,160,2026-04-07 13:13:23.748397
27c53149-cd90-4fa1-a8f9-d2cab07c6784,10470,Bathurst Regional,A,1524,2026-04-07 13:13:23.748397
f4ae4496-2dc1-464c-afbd-6eab900df998,10500,Bayside,A,4186,2026-04-07 13:13:23.748397
c52716c2-8630-41b2-a382-4329b82b52b2,10550,Bega Valley,A,1611,2026-04-07 13:13:23.748397
61afb2f5-c9c7-4425-8ad0-29b47c5aed3b,10600,Bellingen,A,716,2026-04-07 13:13:23.748397
58fed848-b0e4-4b78-9842-4c4f45617b7b,10650,Berrigan,A,578,2026-04-07 13:13:23.748397
a8740573-a5c6-447f-b79e-d06587b7e5df,10750,Blacktown,C,7847,2026-04-07 13:13:23.748397
abb978f2-35d1-4982-a7a9-1be11f7a40e0,10800,Bland,A,383,2026-04-07 13:13:23.748397
20b7de45-fc6d-4f42-8eb0-967b4efee531,10850,Blayney,A,277,2026-04-07 13:13:23.748397
a150f485-7757-4bce-a075-33a106365ad6,10900,Blue Mountains,C,2953,2026-04-07 13:13:23.748397
36f6178b-ec92-4cab-9461-eca74304fad9,10950,Bogan,A,114,2026-04-07 13:13:23.748397
85140c4f-6aed-463a-8902-c42ccf7bf4fc,11150,Bourke,A,31,2026-04-07 13:13:23.748397
a1dba5d8-63d3-4349-be53-4ae554ae9297,11200,Brewarrina,A,43,2026-04-07 13:13:23.748397
a142c135-66e0-4dab-bcf4-8728d4ebf046,11250,Broken Hill,C,201,2026-04-07 13:13:23.748397
56f11e54-29e4-454c-9508-7ccfcd6b7367,11300,Burwood,A,764,2026-04-07 13:13:23.748397
e881bd83-2ede-4a67-ab03-f221f45dd2aa,11350,Byron,A,859,2026-04-07 13:13:23.748397
749d856c-042d-4eeb-bc30-48203436e5c4,11400,Cabonne,A,558,2026-04-07 13:13:23.748397
6d573120-c786-4a58-a87f-e437c13650e0,11450,Camden,A,2107,2026-04-07 13:13:23.748397
e30d551e-71d6-473a-9674-4219fcfc18cc,11500,Campbelltown,C,3928,2026-04-07 13:13:23.748397
a0109fed-13f6-4b48-b0ef-fddb0046ebd8,11520,Canada Bay,A,2206,2026-04-07 13:13:23.748397
5e5e4fba-e6cd-4b35-a181-c61b1c60a7e6,11570,Canterbury-Bankstown,A,9223,2026-04-07 13:13:23.748397
d132383d-03c6-4718-81d6-d6fbecae8dfc,11600,Carrathool,A,64,2026-04-07 13:13:23.748397
e057fe29-6159-4ec1-af1c-f913f8e6630b,11650,Central Coast,C,13675,2026-04-07 13:13:23.748397
463fd153-bc67-4654-bf13-5eb2230a81f2,11700,Central Darling,A,44,2026-04-07 13:13:23.748397
56091070-b244-4e7e-bf88-c99fb26a502f,11720,Cessnock,C,1885,2026-04-07 13:13:23.748397
d021117f-1a41-47ab-ab8d-72489e97ea2e,11730,Clarence Valley,A,3258,2026-04-07 13:13:23.748397
dde07513-4990-49ca-acea-d05444997810,11750,Cobar,A,114,2026-04-07 13:13:23.748397
0561ff6f-f815-4e82-99b1-5bbb94059a73,11800,Coffs Harbour,C,4284,2026-04-07 13:13:23.748397
3e2b2eb9-0390-4c88-89d7-a53921e69ba3,12000,Coolamon,A,207,2026-04-07 13:13:23.748397
5fc38084-c9ee-4911-b3e0-0ec6730a4f56,12150,Coonamble,A,198,2026-04-07 13:13:23.748397
b9f932f2-2fa6-402d-9247-98a4e68fa465,12350,Cowra,A,891,2026-04-07 13:13:23.748397
2a02d1ed-5b79-4f69-a53c-071ec491c773,12380,Cumberland,A,5574,2026-04-07 13:13:23.748397
8f1405b6-77ea-478e-a294-7a1b2620b2ca,12700,Dungog,A,440,2026-04-07 13:13:23.748397
4d0df09f-567b-4da1-830f-cb0b3f221399,12730,Edward River,A,167,2026-04-07 13:13:23.748397
033fbb2a-be5f-4660-9c0c-98848dd790ce,12750,Eurobodalla,A,2141,2026-04-07 13:13:23.748397
60518db8-79c0-4ecc-b292-76d59ba7bd3c,12850,Fairfield,C,3733,2026-04-07 13:13:23.748397
61011c7a-bd30-40d0-ad1f-23ad93fcc18a,12870,Federation,A,619,2026-04-07 13:13:23.748397
8db1f12a-12c1-4d5b-aeb1-8073beda9d0b,12900,Forbes,A,611,2026-04-07 13:13:23.748397
95ca38c2-a94f-4463-8e68-1995908fbbdc,12930,Georges River,A,4478,2026-04-07 13:13:23.748397
c53a4332-d79f-4cff-aab7-78f415ecd3c3,12950,Gilgandra,A,230,2026-04-07 13:13:23.748397
1dd28603-d82d-4a31-88de-270c59a98373,13010,Glen Innes Severn,A,691,2026-04-07 13:13:23.748397
33d6a5a8-9e49-4d05-9d01-3ec67c7fc604,13310,Goulburn Mulwaree,A,1095,2026-04-07 13:13:23.748397
549b9aa9-cb70-4fab-9e2b-fe701bde16c4,13340,Greater Hume Shire,A,521,2026-04-07 13:13:23.748397
9201ec30-a722-45fd-94b6-c165464fc0fd,13450,Griffith,C,861,2026-04-07 13:13:23.748397
5ef718d5-4ad1-4970-a97e-dc304f87c0e8,13510,Gundagai,A,543,2026-04-07 13:13:23.748397
3d15329b-5eb7-4895-8a3e-8bafc1b0c6a7,13550,Gunnedah,A,750,2026-04-07 13:13:23.748397
ab1ef78a-df3d-4a24-a937-8798da4c1866,13660,Gwydir,A,355,2026-04-07 13:13:23.748397
1fbd3c05-f4c5-439c-be07-56b7f5674ec5,13800,Hawkesbury,C,1756,2026-04-07 13:13:23.748397
28930c6a-53d7-45be-8b02-c217db99a974,13850,Hay,A,252,2026-04-07 13:13:23.748397
f917429c-1161-499f-b57a-6b7160c75fde,13910,Hilltops,A,1189,2026-04-07 13:13:23.748397
95e96dde-8b5c-47b2-9e5e-a52a8f724fa4,14000,Hornsby,A,3564,2026-04-07 13:13:23.748397
95f457c5-49b8-4a38-9bdd-80410d1ff293,14100,Hunters Hill,A,365,2026-04-07 13:13:23.748397
f2c687c8-19cc-4adc-8d0e-4f22fc5cf8a9,14170,Inner West,A,3504,2026-04-07 13:13:23.748397
6ef87a17-9725-432d-8d43-db5eace1ca88,14200,Inverell,A,1058,2026-04-07 13:13:23.748397
ad3dcdaa-5311-4c03-beb9-57a35c555f28,14300,Junee,A,237,2026-04-07 13:13:23.748397
4ddaa181-a93f-4281-8604-bf7bd1eced90,14350,Kempsey,A,1320,2026-04-07 13:13:23.748397
2aa60207-9fcf-4dda-a0d5-4d1befdd16de,14400,Kiama,A,921,2026-04-07 13:13:23.748397
638f79ff-3b8b-4ff8-b8f6-9eb2711a1ed9,14500,Ku-ring-gai,A,3342,2026-04-07 13:13:23.748397
d18e7068-4aa0-45af-b2bb-16a18ce27573,14550,Kyogle,A,503,2026-04-07 13:13:23.748397
bb36ab49-6d73-440a-8632-42bf0eeb2320,14600,Lachlan,A,427,2026-04-07 13:13:23.748397
81578e2a-db6d-4aeb-9072-383ab5906446,14650,Lake Macquarie,C,8585,2026-04-07 13:13:23.748397
2c6a607e-e4eb-4960-a0ab-2a24f943c04e,14700,Lane Cove,A,910,2026-04-07 13:13:23.748397
24158f81-4a83-46e8-a9f6-f98c1888a316,14750,Leeton,A,455,2026-04-07 13:13:23.748397
96c6f7ae-0956-4de1-9be9-7a46acd19ef7,14850,Lismore,C,1831,2026-04-07 13:13:23.748397
70120c0c-f92c-44b6-bf44-c5367bae0dec,14870,Lithgow,C,974,2026-04-07 13:13:23.748397
3fce33ad-a115-400d-ba2a-9767aae32eca,14900,Liverpool,C,3396,2026-04-07 13:13:23.748397
8a7d8e50-ce36-4dd8-b621-2b2f0e008e77,14920,Liverpool Plains,A,407,2026-04-07 13:13:23.748397
405c0315-8e33-45ce-b0a9-145ceb3bdc1a,14950,Lockhart,A,172,2026-04-07 13:13:23.748397
bf74955f-9726-44f4-a304-2efef428520e,15050,Maitland,C,2924,2026-04-07 13:13:23.748397
02e9e895-5e87-4254-a75d-76ca97ad75be,15240,Mid-Coast,A,5198,2026-04-07 13:13:23.748397
889a2978-2cdc-4db1-b1f0-d4331e1239e3,15270,Mid-Western Regional,A,1110,2026-04-07 13:13:23.748397
af3fc6b7-3449-4bbc-8c03-2f220293e50c,15300,Moree Plains,A,359,2026-04-07 13:13:23.748397
1c255225-1dab-4dec-8c04-3bc3200ee2ce,15350,Mosman,A,905,2026-04-07 13:13:23.748397
7ab344ea-3ace-41f9-acca-fe27299bbbad,15520,Murray River,A,1202,2026-04-07 13:13:23.748397
42494db8-a0be-4d48-9c79-686599522367,15560,Murrumbidgee,A,149,2026-04-07 13:13:23.748397
2b8214c0-5617-4e70-967d-b01cfb9984a3,15650,Muswellbrook,A,599,2026-04-07 13:13:23.748397
fd187e47-94ea-47f3-a768-8f23e8cb0236,15700,Nambucca,A,1409,2026-04-07 13:13:23.748397
177a7155-58a7-4501-b599-f904fab9f42a,15750,Narrabri,A,561,2026-04-07 13:13:23.748397
2c077007-75ca-4cd2-b875-d6ad5f06cc7b,15800,Narrandera,A,384,2026-04-07 13:13:23.748397
635f9579-1254-4b1d-8211-1909463f85cf,15850,Narromine,A,294,2026-04-07 13:13:23.748397
599c0475-95c5-4e72-a964-cb6e68e263d2,15900,Newcastle,C,4912,2026-04-07 13:13:23.748397
a73008fe-6727-415d-a328-bc4191be42b0,15950,North Sydney,A,1333,2026-04-07 13:13:23.748397
409f8dba-5d13-4a7e-ad0b-05325c317a24,15990,Northern Beaches,A,7044,2026-04-07 13:13:23.748397
c32293d1-a51f-49c2-8133-35d5a2ef7d09,16100,Oberon,A,242,2026-04-07 13:13:23.748397
4f72e2ec-481d-4502-a9da-cc099d149224,16150,Orange,C,1632,2026-04-07 13:13:23.748397
f1608a7d-cb61-499a-a7be-9feb58eb00a4,16200,Parkes,A,835,2026-04-07 13:13:23.748397
e5c61d2b-8e2b-4c14-89af-80b316605efe,16260,Parramatta,C,4624,2026-04-07 13:13:23.748397
29a6e3ff-b1e7-4b4c-bcb0-5a45bd7d6cc3,16350,Penrith,C,5007,2026-04-07 13:13:23.748397
26ea54de-f54c-435f-ad68-ea09a71ddfa4,16380,Port Macquarie-Hastings,A,5133,2026-04-07 13:13:23.748397
6ffe7b7c-71bc-4373-a5e1-1f5a3533df4a,16400,Port Stephens,A,3509,2026-04-07 13:13:23.748397
7558a09b-d93a-434b-a98c-13e315e68247,16490,Queanbeyan-Palerang Regional,A,1034,2026-04-07 13:13:23.748397
29e3ebb1-0a54-49ca-83d5-3e6f33e7ebd9,16550,Randwick,C,3450,2026-04-07 13:13:23.748397
c6055a8a-a5dc-4239-9a5f-76bdf9535f0b,16610,Richmond Valley,A,1419,2026-04-07 13:13:23.748397
dc078656-a67b-4d29-b582-969d92d4bcc9,16700,Ryde,C,3357,2026-04-07 13:13:23.748397
0cb2b6b4-f8da-499c-bf5f-24a2b540faf2,16900,Shellharbour,C,2502,2026-04-07 13:13:23.748397
4dee47a5-cef7-4c9f-abb7-deb3230be555,16950,Shoalhaven,C,5338,2026-04-07 13:13:23.748397
ca751097-29aa-43fd-8491-af8d3e83d8f7,17000,Singleton,A,605,2026-04-07 13:13:23.748397
584ccbfc-4ed3-45ff-9485-41aafea186a7,17040,Snowy Monaro Regional,A,674,2026-04-07 13:13:23.748397
92e33219-6ccf-4aca-a3cf-630cf4c1c9d4,17080,Snowy Valleys,A,747,2026-04-07 13:13:23.748397
0d6a7dc7-f149-4278-b504-ccd53249fa94,17100,Strathfield,A,849,2026-04-07 13:13:23.748397
2a877904-d91d-4757-a0ed-de0f92fb8b73,17150,Sutherland Shire,A,8047,2026-04-07 13:13:23.748397
b1a1cc03-97d7-44b5-8518-450d96fec05f,17200,Sydney,C,2917,2026-04-07 13:13:23.748397
fdf9aa39-136f-46b8-abae-26842bac082c,17310,Tamworth Regional,A,2775,2026-04-07 13:13:23.748397
d6829e94-cf94-414f-9996-826ca127e848,17350,Temora,A,292,2026-04-07 13:13:23.748397
d410c7c9-9006-40b0-bea4-5bd0cc2b71ad,17400,Tenterfield,A,512,2026-04-07 13:13:23.748397
481ae013-c2e0-4092-a17a-173cc678135e,17420,The Hills Shire,A,4455,2026-04-07 13:13:23.748397
5782e2f2-9933-4795-9078-e70c51370f1b,17550,Tweed,A,4879,2026-04-07 13:13:23.748397
dbcbe251-0836-4cd9-86ae-2faae3c7888a,17620,Upper Hunter Shire,A,634,2026-04-07 13:13:23.748397
38943ed2-f02f-4527-b095-4a19cf4f2367,17640,Upper Lachlan Shire,A,432,2026-04-07 13:13:23.748397
3a5242cb-d546-4ab7-b1ac-75b2e169f88a,17650,Uralla,A,242,2026-04-07 13:13:23.748397
e5ea1cb2-c13f-4880-a099-418f3df9d65c,17750,Wagga Wagga,C,2356,2026-04-07 13:13:23.748397
f355ae58-4437-4be3-933d-682f0e536f90,17850,Walcha,A,226,2026-04-07 13:13:23.748397
6a1633b4-2195-417f-876c-9e599104f3b8,17900,Walgett,A,271,2026-04-07 13:13:23.748397
65976a90-6aec-4a3b-bb17-1361bc0df4cf,17950,Warren,A,171,2026-04-07 13:13:23.748397
77fb6410-4fb5-4d45-9dc5-0105c8a98d2a,18020,Warrumbungle Shire,A,666,2026-04-07 13:13:23.748397
14d87f31-c5bc-4c3f-9c94-0380ad3d3829,18050,Waverley,A,1148,2026-04-07 13:13:23.748397
1c96e502-176e-4f8f-be08-6e9e55a75686,18100,Weddin,A,415,2026-04-07 13:13:23.748397
352a261f-6a69-49ab-91ba-7273bbdeac4c,18200,Wentworth,A,349,2026-04-07 13:13:23.748397
c30b8223-cd6a-485a-855c-71da29d14d93,18230,Western Plains Regional,A,2101,2026-04-07 13:13:23.748397
80d56eea-43d6-49e5-90f7-4952f19c7c92,18250,Willoughby,C,1709,2026-04-07 13:13:23.748397
e04cf21f-77a4-4e7e-8097-dd21c913b603,18350,Wingecarribee,A,1857,2026-04-07 13:13:23.748397
4a67b78a-ca49-4d21-aeb1-7bc273b7f1a5,18400,Wollondilly,A,1347,2026-04-07 13:13:23.748397
981365fe-bfa7-457c-a764-c46c85f8a19b,18450,Wollongong,C,7028,2026-04-07 13:13:23.748397
14637963-e022-4e51-8832-03dbdce1539b,18500,Woollahra,A,1333,2026-04-07 13:13:23.748397
52d9d9a9-586b-4af4-8df2-232f56672223,18710,Yass Valley,A,369,2026-04-07 13:13:23.748397
8f0bcfbc-9da0-4f57-8a1b-4e503c71d0c9,19399,Unincorporated NSW,,657,2026-04-07 13:13:23.748397
d6290af8-6fee-47da-be9f-2fa2a8e3cddd,20110,Alpine,S,757,2026-04-07 13:13:23.748397
e3bbd6eb-c7b2-425c-9076-1c787c5ffd92,20260,Ararat,RC,735,2026-04-07 13:13:23.748397
0a676890-4820-4d26-94c8-c11a23ddf3b6,20570,Ballarat,C,4814,2026-04-07 13:13:23.748397
6e462814-db07-4192-9517-bf0e2869e06b,20660,Banyule,C,4877,2026-04-07 13:13:23.748397
b5d7d3ef-a99c-4a2d-bc2d-ffea04d74545,20740,Bass Coast,S,2318,2026-04-07 13:13:23.748397
f2f0510d-3295-455b-92c5-3ed9d1613b7a,20830,Baw Baw,S,2623,2026-04-07 13:13:23.748397
966c2e3b-13e0-48e9-949c-8288da704e76,20910,Bayside,C,3703,2026-04-07 13:13:23.748397
eba922cd-f566-4d15-8c2f-8119df51c501,21010,Benalla,RC,813,2026-04-07 13:13:23.748397
6f7f8cb2-685e-4ea3-a0e0-acf488c72e47,21110,Boroondara,C,4187,2026-04-07 13:13:23.748397
6f2824de-7574-406b-bd10-0e061fb37d2a,21180,Brimbank,C,6757,2026-04-07 13:13:23.748397
cfcd3efe-1609-45e6-8ed5-5081019699f1,21270,Buloke,S,697,2026-04-07 13:13:23.748397
bffac892-6110-4da3-ae81-9d4ac84d8611,21370,Campaspe,S,2317,2026-04-07 13:13:23.748397
04186707-a5d6-421b-9f63-798d93761bc8,21450,Cardinia,S,2634,2026-04-07 13:13:23.748397
f16f1309-001d-4648-968b-c8a6905aa48a,21610,Casey,C,7128,2026-04-07 13:13:23.748397
99f2c288-30e1-40ce-b646-6780f0e655b2,21670,Central Goldfields,S,1077,2026-04-07 13:13:23.748397
005e8a25-1750-4e21-894a-1569beedc40f,21750,Colac-Otway,S,1270,2026-04-07 13:13:23.748397
8845d02d-4ce9-4bdd-b8ea-a2e8bfdc55b4,21830,Corangamite,S,1147,2026-04-07 13:13:23.748397
1bb716b2-39a3-42bd-8257-f7d21f00235b,21890,Darebin,C,5586,2026-04-07 13:13:23.748397
7819bc43-1dbf-4f72-93e2-539a7c2fa88a,22110,East Gippsland,S,3967,2026-04-07 13:13:23.748397
9d360ef9-a639-4fb9-84cf-b43220985026,22170,Frankston,C,4160,2026-04-07 13:13:23.748397
48ad6fc2-d534-4e86-88db-b893d278c4d8,22250,Gannawarra,S,1280,2026-04-07 13:13:23.748397
454e73fc-8670-40c8-878d-e246b271f971,22310,Glen Eira,C,4720,2026-04-07 13:13:23.748397
5074cf97-9511-4d72-a941-6f1625130b1f,22410,Glenelg,S,1023,2026-04-07 13:13:23.748397
0de8c614-2061-4eb4-807d-1e8b83aca4ef,22490,Golden Plains,S,631,2026-04-07 13:13:23.748397
062e533a-0686-497e-84c6-23f67ccce54f,22620,Greater Bendigo,C,5057,2026-04-07 13:13:23.748397
569f9745-5628-4ae4-ae82-ed1a0c4077de,22670,Greater Dandenong,C,5972,2026-04-07 13:13:23.748397
6490678b-efa8-4640-8a42-63ab84348199,22750,Greater Geelong,C,11302,2026-04-07 13:13:23.748397
d1518d6f-df53-47fe-8e6c-e20f2a35db02,22830,Greater Shepparton,C,2651,2026-04-07 13:13:23.748397
ea9337b7-09ba-4cd8-9e2f-dc47d1679565,22910,Hepburn,S,880,2026-04-07 13:13:23.748397
56d8bef9-cdbe-449d-853e-762a3351a3d8,22980,Hindmarsh,S,553,2026-04-07 13:13:23.748397
3f07f5db-61cd-4b32-a18d-0137cfdb4460,23110,Hobsons Bay,C,2916,2026-04-07 13:13:23.748397
ca54ffd6-c394-4f43-b3ca-88a3605e41d8,23190,Horsham,RC,1479,2026-04-07 13:13:23.748397
15be1e9b-3b39-4ba3-be51-3247b0d82059,23270,Hume,C,7254,2026-04-07 13:13:23.748397
b4a2ccd6-54e5-4224-bb49-a353a6465227,23350,Indigo,S,896,2026-04-07 13:13:23.748397
051f0754-7ac7-4f09-add7-1b6c0ef15e2b,23430,Kingston,C,6803,2026-04-07 13:13:23.748397
c1ec2102-4f98-455b-854c-2d928cebe461,23670,Knox,C,5482,2026-04-07 13:13:23.748397
69563f21-e156-4a61-991a-6d1022451f98,23810,Latrobe,C,3871,2026-04-07 13:13:23.748397
b78d6a7d-266b-4d9e-ade1-20240c2aebf5,23940,Loddon,S,723,2026-04-07 13:13:23.748397
e12478a6-0aa4-48d9-a40f-f96ce8ba42e7,24130,Macedon Ranges,S,1776,2026-04-07 13:13:23.748397
439e99ba-b0fc-4d15-9ee3-0b8a51c10675,24210,Manningham,C,4795,2026-04-07 13:13:23.748397
41f49399-96d1-49b1-bf4d-d627ab0d51e4,24250,Mansfield,S,408,2026-04-07 13:13:23.748397
edf03eed-bcb8-4f14-8943-9333160985c1,24330,Maribyrnong,C,1858,2026-04-07 13:13:23.748397
190bbf6a-adba-4cf7-8adf-864176a81307,24410,Maroondah,C,3433,2026-04-07 13:13:23.748397
e1ca3ed4-9d99-4787-984b-a9538604f13b,24600,Melbourne,C,1631,2026-04-07 13:13:23.748397
437b85f4-ca96-43a2-8567-88dc73a2ee60,24650,Melton,C,3973,2026-04-07 13:13:23.748397
bb8940f7-f1dd-4859-b894-4fae3faa31e3,24780,Mildura,RC,3234,2026-04-07 13:13:23.748397
3ca8a288-33d5-4b41-94db-587cdfed664d,24850,Mitchell,S,1782,2026-04-07 13:13:23.748397
c948f309-6019-4615-b5cd-039a4948d5fa,24900,Moira,S,2238,2026-04-07 13:13:23.748397
9fd48ea7-2c96-4d78-a48c-864576f6dcfc,24970,Monash,C,6621,2026-04-07 13:13:23.748397
40fb4526-0d3c-4622-a0f7-2b91f254f260,25060,Moonee Valley,C,4308,2026-04-07 13:13:23.748397
091df1f9-65e0-4be1-8145-20595bf3231e,25150,Moorabool,S,1376,2026-04-07 13:13:23.748397
5305dd74-65b0-46cb-8e66-a6746fae9f76,25250,Moreland,C,6574,2026-04-07 13:13:23.748397
3f41e127-0d03-4d0d-aead-d3cf4b4f2222,25340,Mornington Peninsula,S,6736,2026-04-07 13:13:23.748397
6db8c9ec-010a-4b9f-b410-2ce87e7d4187,25430,Mount Alexander,S,1245,2026-04-07 13:13:23.748397
8a97429f-8225-4b2b-a4f3-35680b7c5b43,25490,Moyne,S,986,2026-04-07 13:13:23.748397
e01de7af-55c6-4b88-9512-66a25b41f4b2,25620,Murrindindi,S,730,2026-04-07 13:13:23.748397
2c731abf-2f69-41d7-9fd7-1666f098b6ec,25710,Nillumbik,S,1788,2026-04-07 13:13:23.748397
732c9dc6-fe15-4a1a-b111-228598abbfd8,25810,Northern Grampians,S,836,2026-04-07 13:13:23.748397
66cf01a0-e46a-4a54-867f-b0b2009d0c74,25900,Port Phillip,C,1936,2026-04-07 13:13:23.748397
b47daba0-2300-4511-9432-e96e7c2e698e,25990,Pyrenees,S,416,2026-04-07 13:13:23.748397
4816fdce-9102-48b6-a172-ceecf9af52a1,26080,Queenscliffe,B,165,2026-04-07 13:13:23.748397
cda0e8bb-dddb-48f6-8809-6968ebb90f44,26170,South Gippsland,S,2100,2026-04-07 13:13:23.748397
5c009745-e1a3-4c2e-b161-b614971555c6,26260,Southern Grampians,S,943,2026-04-07 13:13:23.748397
e3b83204-67b1-433d-b0e2-24a2461e9ca1,26350,Stonnington,C,2436,2026-04-07 13:13:23.748397
bf0d3373-878f-4ea3-ad65-2d9af5958712,26430,Strathbogie,S,755,2026-04-07 13:13:23.748397
948ac121-9e61-4e90-9ce8-483bfbffde6a,26490,Surf Coast,S,1371,2026-04-07 13:13:23.748397
47459eff-1fe1-430a-bd4c-5ee34e0e39b3,26610,Swan Hill,RC,1236,2026-04-07 13:13:23.748397
a75055b5-f1f9-41ec-9731-79d73379f8f9,26670,Towong,S,432,2026-04-07 13:13:23.748397
803d5edb-0358-4340-8c1a-ef65211ba533,26700,Wangaratta,RC,2229,2026-04-07 13:13:23.748397
07d257bc-01f8-4571-9083-ec9bcd76e04b,26730,Warrnambool,C,1412,2026-04-07 13:13:23.748397
7b7e660e-2ec2-47c1-a254-11cd1fc89b3d,26810,Wellington,S,2433,2026-04-07 13:13:23.748397
5a72e4a9-dab3-4946-8a6c-e6d9ce3a3991,26890,West Wimmera,S,396,2026-04-07 13:13:23.748397
8bf3d7f3-e199-4f2a-8f96-cf07f31ba536,26980,Whitehorse,C,5481,2026-04-07 13:13:23.748397
7445f588-39d0-4563-9160-a85a3b32a683,27070,Whittlesea,C,6768,2026-04-07 13:13:23.748397
9b5c719d-836f-43b1-84af-bdafc2796d55,27170,Wodonga,C,1972,2026-04-07 13:13:23.748397
8dc7c180-99ec-4661-968d-19ae98f3fa63,27260,Wyndham,C,4348,2026-04-07 13:13:23.748397
90b83c87-dc34-4aa5-9a5a-e61f26b805d5,27350,Yarra,C,2544,2026-04-07 13:13:23.748397
8da8fd9b-cd44-4917-9991-6f4176504a0b,27450,Yarra Ranges,S,3881,2026-04-07 13:13:23.748397
46faa22f-f32b-45e9-a3bd-d66529faac7f,27630,Yarriambiack,S,659,2026-04-07 13:13:23.748397
63afa4e7-e07a-4a8c-93ed-0230a7bf44da,29399,Unincorporated Vic,,3,2026-04-07 13:13:23.748397
1ec4b235-2cc4-4488-be1c-77a76f48fce7,30250,Aurukun,S,40,2026-04-07 13:13:23.748397
f9ee23d5-f9ac-4ecb-9b97-13f7b61676ec,30300,Balonne,S,164,2026-04-07 13:13:23.748397
7182853b-cc3a-420c-97ec-94a3c8976728,30370,Banana,S,344,2026-04-07 13:13:23.748397
14faaadf-289c-43cd-9c42-a163eeec9c3b,30410,Barcaldine,R,164,2026-04-07 13:13:23.748397
5a1469d4-c67e-4c71-a44c-2323ec848f43,30450,Barcoo,S,12,2026-04-07 13:13:23.748397
dea81a6c-bb58-413b-84c3-cd8d0b6e01e9,30760,Blackall-Tambo,R,111,2026-04-07 13:13:23.748397
d2a7801c-65db-4595-8dda-0e5729633788,30900,Boulia,S,8,2026-04-07 13:13:23.748397
9a19540b-9a8c-4e04-8f95-b4969b8338fe,31000,Brisbane,C,35725,2026-04-07 13:13:23.748397
c46392b7-86a8-4992-b5ab-c3ecba8cfd7d,31750,Bulloo,S,6,2026-04-07 13:13:23.748397
26b13791-ef1b-4d53-96bc-5ae3fababbf6,31820,Bundaberg,R,5549,2026-04-07 13:13:23.748397
393bd802-4b90-417a-bfb7-993de820d702,31900,Burdekin,S,933,2026-04-07 13:13:23.748397
600ad0a5-088a-4e11-9230-70add3618951,31950,Burke,S,9,2026-04-07 13:13:23.748397
cbe178b2-dd67-489f-a069-e1b5d5f7828d,32080,Cairns,R,5345,2026-04-07 13:13:23.748397
a3e5bee3-2a53-4ab4-86e4-4c804bbf2363,32250,Carpentaria,S,42,2026-04-07 13:13:23.748397
e83a8b7e-f43c-4f60-9b70-022b937314e0,32260,Cassowary Coast,R,1128,2026-04-07 13:13:23.748397
7c27d9ac-81f6-4c17-877c-de213101bd3f,32270,Central Highlands,R,390,2026-04-07 13:13:23.748397
b90f092f-e62c-4710-b508-3d15e0281ac8,32310,Charters Towers,R,556,2026-04-07 13:13:23.748397
db61ecf7-f842-4282-8841-6945db5c7eaf,32330,Cherbourg,S,9,2026-04-07 13:13:23.748397
bac79edc-c646-47f9-8dea-1de3d8848cb4,32450,Cloncurry,S,132,2026-04-07 13:13:23.748397
cd2713af-4db3-46bd-9391-19296dad310b,32500,Cook,S,230,2026-04-07 13:13:23.748397
925ee9d3-a860-447f-8ef8-45d89be1053b,32750,Diamantina,S,2,2026-04-07 13:13:23.748397
b03aae3a-c7d0-45d6-95d6-fdfa93022dce,32770,Doomadgee,S,20,2026-04-07 13:13:23.748397
129de4cc-93cd-4e9b-a616-9050ea68cd8a,32810,Douglas,S,321,2026-04-07 13:13:23.748397
b54a45b2-e385-4227-a6ac-3f4ee8054d77,33100,Etheridge,S,3,2026-04-07 13:13:23.748397
9126b2c5-b021-49e6-b09f-e3be041ce9b3,33200,Flinders,S,77,2026-04-07 13:13:23.748397
108dacea-0934-4c1b-8dcc-06e5af0fb375,33220,Fraser Coast,R,7485,2026-04-07 13:13:23.748397
e6e4c469-52f4-4e62-bcaa-6445001fc619,33360,Gladstone,R,1673,2026-04-07 13:13:23.748397
6c152390-4853-405d-911a-42e3e28f363f,33430,Gold Coast,C,18594,2026-04-07 13:13:23.748397
0f1c1f9d-8b5c-410c-acec-da52b70f0461,33610,Goondiwindi,R,324,2026-04-07 13:13:23.748397
3515ead1-7c42-4490-913d-6e99dc278e2f,33620,Gympie,R,2149,2026-04-07 13:13:23.748397
3a155aa8-7a4f-47c6-a341-c3c3a49b120d,33800,Hinchinbrook,S,786,2026-04-07 13:13:23.748397
24f06836-85a2-4ded-84c1-1d275a4d7f2e,33830,Hope Vale,S,65,2026-04-07 13:13:23.748397
48e30235-f6ba-4031-a690-6a128e43fbcc,33960,Ipswich,C,5887,2026-04-07 13:13:23.748397
1d938b56-f7bd-4507-92ca-0acd327d53cf,33980,Isaac,R,300,2026-04-07 13:13:23.748397
0db6e517-dcf5-4617-bd10-ca931078b858,34420,Kowanyama,S,44,2026-04-07 13:13:23.748397
ad23fd84-be74-47ae-a86c-9ec0d8113942,34530,Livingstone,S,1432,2026-04-07 13:13:23.748397
ee99c43b-6736-4d29-b8e7-63b50ba86ed0,34570,Lockhart River,S,42,2026-04-07 13:13:23.748397
b95d0786-95ec-47e8-be56-e2d2c14d80b6,34580,Lockyer Valley,R,1082,2026-04-07 13:13:23.748397
6304346d-e57f-4e93-9650-3fb648565ff8,34590,Logan,C,10393,2026-04-07 13:13:23.748397
d3713b1c-ee36-4ad3-bfcc-cb8cc3d90ec4,34710,Longreach,R,221,2026-04-07 13:13:23.748397
ee74aa8c-bb52-44a3-b447-b39abf6b12df,34770,Mackay,R,3780,2026-04-07 13:13:23.748397
9551d230-3870-4a92-b6d1-f5c5f8e42566,34800,McKinlay,S,30,2026-04-07 13:13:23.748397
a9672fe4-201d-4b6a-b62c-150f73a6d9aa,34830,Mapoon,S,4,2026-04-07 13:13:23.748397
26a13fcf-b21e-47e8-8ec1-4be2bb8e987d,34860,Maranoa,R,500,2026-04-07 13:13:23.748397
06b36911-be09-47ec-b551-e3b1b499a72b,34880,Mareeba,S,858,2026-04-07 13:13:23.748397
9aec4f20-533f-460b-9a9c-66ed5ebe798a,35010,Moreton Bay,R,18314,2026-04-07 13:13:23.748397
419ab964-49f0-4678-a867-23ef500e9f94,35250,Mornington,S,56,2026-04-07 13:13:23.748397
ea76fbab-4c15-4610-aedf-542af8aaeffd,35300,Mount Isa,C,459,2026-04-07 13:13:23.748397
a2a2467d-1681-4fc5-b86e-d975880157a7,35600,Murweh,S,263,2026-04-07 13:13:23.748397
1191961d-a209-4e58-a30c-926f3ad6c965,35670,Napranum,S,30,2026-04-07 13:13:23.748397
2aaa3113-cb28-4afa-aca6-db7a53b13e66,35740,Noosa,S,2516,2026-04-07 13:13:23.748397
91b184ab-bbc2-4e67-bcde-b384dc6ba75c,35760,North Burnett,R,358,2026-04-07 13:13:23.748397
cacee922-55b8-41cd-b014-3113f7e3484b,35780,Northern Peninsula Area,R,43,2026-04-07 13:13:23.748397
ab421d61-8b11-4c88-bd72-8a547b2cb324,35790,Palm Island,S,47,2026-04-07 13:13:23.748397
e914c952-8a03-4148-8478-224dc3e55993,35800,Paroo,S,54,2026-04-07 13:13:23.748397
25acb43a-61dd-479e-910c-1105e4cc168f,36070,Pormpuraaw,S,46,2026-04-07 13:13:23.748397
6093f2ea-d254-4cb6-9638-f32150ebbe49,36150,Quilpie,S,30,2026-04-07 13:13:23.748397
de9f14fb-0eef-4ed7-b003-54eabafdca9a,36250,Redland,C,7342,2026-04-07 13:13:23.748397
3317eeeb-ca22-4ded-9cdc-7416bb0b9a3c,36300,Richmond,S,15,2026-04-07 13:13:23.748397
cc45b8fd-3b20-4307-a0b9-6e25fecae79f,36370,Rockhampton,R,2818,2026-04-07 13:13:23.748397
fb486211-04bc-467a-a70f-96cca4f4fa3f,36510,Scenic Rim,R,1811,2026-04-07 13:13:23.748397
593d7194-e196-451f-b70a-10caed99b56d,36580,Somerset,R,753,2026-04-07 13:13:23.748397
01182cdb-2cdb-478d-9f09-8a909b4feaa2,36630,South Burnett,R,1576,2026-04-07 13:13:23.748397
d49eca1c-e8f2-414e-bee0-3457abf39fdf,36660,Southern Downs,R,1540,2026-04-07 13:13:23.748397
090bcde0-3ce4-4d60-abcd-4553f61311be,36720,Sunshine Coast,R,16285,2026-04-07 13:13:23.748397
15f774a5-4577-4c5c-b5f6-b7244b3133b0,36820,Tablelands,R,1450,2026-04-07 13:13:23.748397
8845764f-42e1-47c2-b48f-9ce9fd6cf111,36910,Toowoomba,R,7674,2026-04-07 13:13:23.748397
7fbf3b35-6b24-4ecc-a1e1-0db39e1a434b,36950,Torres,S,68,2026-04-07 13:13:23.748397
31f4d9fc-e3cb-4ad2-8b25-83aeb08f5e18,36960,Torres Strait Island,R,76,2026-04-07 13:13:23.748397
de367e76-e017-4f91-ad83-973cb3b2049a,37010,Townsville,C,6718,2026-04-07 13:13:23.748397
cb9a15cf-3aaf-42c2-bb30-31ae28667bf3,37300,Weipa,T,7,2026-04-07 13:13:23.748397
4a2f9b08-162b-4ee9-bc06-461ff3d78d6d,37310,Western Downs,R,1201,2026-04-07 13:13:23.748397
ec250164-1725-4d86-8106-5fadbc0d7ace,37340,Whitsunday,R,1128,2026-04-07 13:13:23.748397
835ee6d0-b906-47c8-8912-a782342b59af,37400,Winton,S,59,2026-04-07 13:13:23.748397
7a40f1c6-72d2-4859-9eee-01f8e75f776b,37550,Woorabinda,S,35,2026-04-07 13:13:23.748397
124044f0-b6fb-410a-9aba-e37159e97473,37570,Wujal Wujal,S,45,2026-04-07 13:13:23.748397
b4c1e7ff-510b-40a5-aa29-23999f49be80,37600,Yarrabah,S,82,2026-04-07 13:13:23.748397
74bd8db7-a49e-4672-aeff-5f4305bb63b0,40070,Adelaide,C,470,2026-04-07 13:13:23.748397
143b78bd-6da7-4de6-a08e-f40863ae9ecb,40120,Adelaide Hills,DC,1135,2026-04-07 13:13:23.748397
94f5c351-8f10-451f-b3a5-8ca53c84c567,40220,Alexandrina,DC,1491,2026-04-07 13:13:23.748397
50c06756-0546-4825-b2cf-0adfeb2cce37,40250,Anangu Pitjantjatjara,AC,154,2026-04-07 13:13:23.748397
03136e5d-7bf5-4d13-8ce4-d038c29bd11f,40310,Barossa,DC,1466,2026-04-07 13:13:23.748397
8443fcb4-d078-4ecd-88f0-3213b1a79b96,40430,Barunga West,DC,244,2026-04-07 13:13:23.748397
c22a67e7-3a24-44ae-8b1e-95b8075859a5,40520,Berri and Barmera,DC,647,2026-04-07 13:13:23.748397
38797087-979b-48fe-b27e-a7d06dba42d8,40700,Burnside,C,1992,2026-04-07 13:13:23.748397
aabe1e4b-1733-45af-8bae-6e61db74613b,40910,Campbelltown,C,2475,2026-04-07 13:13:23.748397
bfe4a525-f777-479a-aec9-d0d3c1218e84,41010,Ceduna,DC,224,2026-04-07 13:13:23.748397
eb9fa830-afc0-4667-9bda-3f89618e625e,41060,Charles Sturt,C,4756,2026-04-07 13:13:23.748397
f74f188b-f508-486d-9ec6-b0561e5b27e4,41140,Clare and Gilbert Valleys,DC,462,2026-04-07 13:13:23.748397
1e8ae878-e4b7-4ba6-b6f7-27f96fb2ea1b,41190,Cleve,DC,124,2026-04-07 13:13:23.748397
de480c74-c87c-4dac-99b1-4f50ac832a90,41330,Coober Pedy,DC,46,2026-04-07 13:13:23.748397
9fd111f7-d195-4402-a0f6-a8dc48e7d3e6,41560,Copper Coast,DC,1403,2026-04-07 13:13:23.748397
338687d8-bdf7-4e60-8888-5a584957fe34,41750,Elliston,DC,44,2026-04-07 13:13:23.748397
fef01a25-a887-4ae5-ad1b-d6dc5ed22ada,41830,Flinders Ranges,DC,119,2026-04-07 13:13:23.748397
5bfaa677-be5a-4a83-acea-eeb3b08f2be1,41960,Franklin Harbour,DC,103,2026-04-07 13:13:23.748397
00f3c586-02bb-472d-bef7-5182f1146532,42030,Gawler,T,1390,2026-04-07 13:13:23.748397
b684a5e5-ab60-407d-902c-65be89759c26,42110,Goyder,DC,254,2026-04-07 13:13:23.748397
4bdd764a-890b-4378-9fd0-e8596b64aeee,42250,Grant,DC,250,2026-04-07 13:13:23.748397
bef9a41e-69a4-4f4c-8604-b549459f31e1,42600,Holdfast Bay,C,1876,2026-04-07 13:13:23.748397
d47b1da8-1dcc-4b36-b515-5968107508a3,42750,Kangaroo Island,DC,239,2026-04-07 13:13:23.748397
98bff6fa-af21-48cf-9769-7202d3bb50b3,43080,Karoonda East Murray,DC,71,2026-04-07 13:13:23.748397
afbb8335-1dc8-4b67-8937-d89e8465dbd6,43220,Kimba,DC,58,2026-04-07 13:13:23.748397
acb544b9-3a73-47ed-bf83-177a1a82b9f8,43360,Kingston,DC,130,2026-04-07 13:13:23.748397
7038b5e0-1a5b-4f54-ba32-c6dc6ded304e,43650,Light,RegC,457,2026-04-07 13:13:23.748397
38b79be5-e1a7-49e6-9ac5-d3b28cd02723,43710,Lower Eyre Peninsula,DC,226,2026-04-07 13:13:23.748397
24a6f211-e6b9-4d44-ac7e-6199cd5b550e,43790,Loxton Waikerie,DC,601,2026-04-07 13:13:23.748397
417da1a4-0033-4556-b79f-859aee8ba4ed,43920,Mallala,DC,206,2026-04-07 13:13:23.748397
cbd5802a-65d5-4ae7-9a7e-d3174a9df5dc,44060,Marion,C,3823,2026-04-07 13:13:23.748397
0e0572ac-7648-4299-9d21-428eaa7aca1e,44210,Mid Murray,DC,412,2026-04-07 13:13:23.748397
6861eec7-0b4f-4f54-b036-9116924b1e08,44340,Mitcham,C,2372,2026-04-07 13:13:23.748397
24061c3f-bfdc-42dd-a377-0fc661f5732d,44550,Mount Barker,DC,1397,2026-04-07 13:13:23.748397
92c33f46-aece-47d4-bd7a-444ac7fc866f,44620,Mount Gambier,C,1343,2026-04-07 13:13:23.748397
db0eb5e9-56bd-4fcc-93a4-2010e12d2a12,44830,Mount Remarkable,DC,180,2026-04-07 13:13:23.748397
462f02b4-96e6-48a4-9070-7c799b06a8ce,45040,Murray Bridge,RC,1402,2026-04-07 13:13:23.748397
56138cfe-da8c-4697-9a92-bddcc8124b0e,45090,Naracoorte and Lucindale,DC,341,2026-04-07 13:13:23.748397
3c6b8c9c-c2bf-40aa-b416-24ffba38edf1,45120,Northern Areas,DC,259,2026-04-07 13:13:23.748397
ef974ca6-6fd2-45f9-8913-ce1b2f034e41,45290,Norwood Payneham St Peters,C,1586,2026-04-07 13:13:23.748397
5516439e-5256-4d53-bff8-02130bce2efe,45340,Onkaparinga,C,6213,2026-04-07 13:13:23.748397
790c6186-369e-4baa-ab67-fe3401dc0fce,45400,Orroroo/Carrieton,DC,71,2026-04-07 13:13:23.748397
dde982aa-9fa4-4cf6-984c-8a3e85f1af82,45540,Peterborough,DC,142,2026-04-07 13:13:23.748397
743c11fb-c28e-4f3f-94cc-a6b02f27cf57,45680,Playford,C,2833,2026-04-07 13:13:23.748397
b58a0c2f-1ba6-4d25-8d34-013f9aec2dd0,45890,Port Adelaide Enfield,C,4270,2026-04-07 13:13:23.748397
31417df9-fb9a-410f-80ac-1acaee8b19cb,46090,Port Augusta,C,629,2026-04-07 13:13:23.748397
4f5cc279-7ce3-4d37-87a0-7a71cb88238d,46300,Port Lincoln,C,821,2026-04-07 13:13:23.748397
0ee6f17a-5ad5-44a6-b406-581f9418ac98,46450,Port Pirie City and Dists,M,1057,2026-04-07 13:13:23.748397
97d0d063-5aab-4a23-818d-4b87b5835123,46510,Prospect,C,573,2026-04-07 13:13:23.748397
8f6af5bd-55e8-4202-9c80-5b91b78e93a0,46670,Renmark Paringa,DC,504,2026-04-07 13:13:23.748397
54853110-b233-46e5-a788-0c27ba46d37d,46860,Robe,DC,62,2026-04-07 13:13:23.748397
5db62d23-4bbf-4723-86fc-f6c0fded2bb7,47140,Salisbury,C,4881,2026-04-07 13:13:23.748397
df9d6048-2ba8-42a2-ae45-79cc9dea6e32,47290,Southern Mallee,DC,118,2026-04-07 13:13:23.748397
2425ef84-0001-44d5-ad9f-e359a1fd1459,47490,Streaky Bay,DC,98,2026-04-07 13:13:23.748397
d0239d3e-20c4-4ae2-8825-7ff64826af24,47630,Tatiara,DC,347,2026-04-07 13:13:23.748397
e1c26e22-e0fa-48f6-aec8-beab7032dd6a,47700,Tea Tree Gully,C,3773,2026-04-07 13:13:23.748397
c58487c1-9dc8-4314-87ee-4eae63d275a8,47800,The Coorong,DC,519,2026-04-07 13:13:23.748397
d36c635c-cd50-426d-a415-137d020e59e8,47910,Tumby Bay,DC,242,2026-04-07 13:13:23.748397
bd74fa43-1d4a-48c2-a40f-cc557808c871,47980,Unley,C,1529,2026-04-07 13:13:23.748397
40400936-d03c-4ae7-b5e3-82714fbde034,48050,Victor Harbor,C,1312,2026-04-07 13:13:23.748397
ea25c2f5-888f-491d-987d-5cd64137f37e,48130,Wakefield,DC,302,2026-04-07 13:13:23.748397
8337b5c0-878d-4c7f-917a-7a640353ebfa,48260,Walkerville,M,293,2026-04-07 13:13:23.748397
7035c78a-2730-4504-b900-8af6401ba1ae,48340,Wattle Range,DC,552,2026-04-07 13:13:23.748397
729a8eb6-1342-4d59-88e2-8deb0e14c3e1,48410,West Torrens,C,2159,2026-04-07 13:13:23.748397
17426aa8-b9b7-4e5d-a26d-b4a4102fb889,48540,Whyalla,C,869,2026-04-07 13:13:23.748397
923e8b37-3bce-4d14-86e9-ca74a5f08437,48640,Wudinna,DC,57,2026-04-07 13:13:23.748397
5a3ae5fc-f61f-4576-b0b5-f4cfd6b57855,48750,Yankalilla,DC,344,2026-04-07 13:13:23.748397
d20e8d2e-ed0f-400a-92e1-c734b9d2cf92,48830,Yorke Peninsula,DC,1032,2026-04-07 13:13:23.748397
f6a9a5b4-f80c-4571-86dc-c31b6c07337d,49399,Unincorporated SA,,51,2026-04-07 13:13:23.748397
a605c166-975a-4a9e-93d5-e0f41cdcadb1,50080,Albany,C,1748,2026-04-07 13:13:23.748397
4369598f-a9ee-4cad-b112-fbc3d58784fd,50210,Armadale,C,2057,2026-04-07 13:13:23.748397
17548d6e-9884-42e8-ac5a-5248520de0e4,50250,Ashburton,S,8,2026-04-07 13:13:23.748397
c94b519f-295d-4726-9b4f-8e36ac8d696d,50280,Augusta-Margaret River,S,429,2026-04-07 13:13:23.748397
4141ef80-e81b-4446-b95d-a5bcda79e3c8,50350,Bassendean,T,543,2026-04-07 13:13:23.748397
02aa368c-bf0f-48ea-ab3f-1a7f267bebc5,50420,Bayswater,C,2088,2026-04-07 13:13:23.748397
57d6a8ff-25b9-4f01-9192-0dc04aa2fb0d,50490,Belmont,C,1094,2026-04-07 13:13:23.748397
67ff2088-55ed-4efe-a9f9-67831e1067f2,50560,Beverley,S,83,2026-04-07 13:13:23.748397
62b4e3b6-071c-4695-831c-98039ad2905d,50630,Boddington,S,54,2026-04-07 13:13:23.748397
a6b48d62-ded9-465c-b404-63027a1a227f,50770,Boyup Brook,S,61,2026-04-07 13:13:23.748397
da195262-b17e-44db-bde6-0f6e090e23f9,50840,Bridgetown-Greenbushes,S,195,2026-04-07 13:13:23.748397
828603c7-fe3b-44e9-96d2-ea5c728f57cc,50910,Brookton,S,14,2026-04-07 13:13:23.748397
03d1af9c-eb53-4943-a30d-061946fac12f,50980,Broome,S,175,2026-04-07 13:13:23.748397
45781db0-ec5d-4480-9ec0-0e123a0414e8,51080,Broomehill-Tambellup,S,20,2026-04-07 13:13:23.748397
9f71edbe-293f-485c-9476-8ce5e5eb35a5,51120,Bruce Rock,S,19,2026-04-07 13:13:23.748397
d9870d45-f8b2-4bdc-b05c-ee5e5a98c845,51190,Bunbury,C,1569,2026-04-07 13:13:23.748397
302a2fed-4473-4b44-b149-fed67d674c32,51260,Busselton,C,1565,2026-04-07 13:13:23.748397
78edbaea-ec51-4e99-b431-f1cfca7793df,51310,Cambridge,T,699,2026-04-07 13:13:23.748397
2f4a8831-3785-48ee-970c-d6a692b6d9e4,51330,Canning,C,3198,2026-04-07 13:13:23.748397
f731fa30-3e00-428d-93b6-cef9297a7d35,51400,Capel,S,441,2026-04-07 13:13:23.748397
91ece9ce-da58-4fa6-9015-9fd0658f8d98,51470,Carnamah,S,12,2026-04-07 13:13:23.748397
29677238-34db-43ae-987c-02690eb5d395,51540,Carnarvon,S,98,2026-04-07 13:13:23.748397
8dfe7b88-d2d6-4fe5-b16a-73127fb242a1,51610,Chapman Valley,S,23,2026-04-07 13:13:23.748397
6377a3f5-8f85-4b03-a2dc-3464bb8e1986,51680,Chittering,S,79,2026-04-07 13:13:23.748397
01c22070-688e-485f-86cc-f09d1ecedcbb,51750,Claremont,T,404,2026-04-07 13:13:23.748397
bb8ab1e2-4c35-46d2-aa05-6f4c6c79ad55,51820,Cockburn,C,2548,2026-04-07 13:13:23.748397
005041b4-1432-4cfe-be06-946f30d9b3d0,51890,Collie,S,380,2026-04-07 13:13:23.748397
d58bd8a8-1044-4f3e-8ba2-a19922258808,51960,Coolgardie,S,34,2026-04-07 13:13:23.748397
9675e8d3-adf4-4e87-8319-be4293e06b8f,52030,Coorow,S,22,2026-04-07 13:13:23.748397
fbb6700c-e723-4146-8582-4e9a32e5f2d0,52100,Corrigin,S,48,2026-04-07 13:13:23.748397
c754a911-5b62-4422-aa69-669d9d50e98c,52170,Cottesloe,T,171,2026-04-07 13:13:23.748397
cf9ac86f-4c9c-4097-a58f-2c0faf83b7f5,52240,Cranbrook,S,38,2026-04-07 13:13:23.748397
f12c0081-28b7-4c62-ac3f-1720050fe4ee,52310,Cuballing,S,25,2026-04-07 13:13:23.748397
f2e10ad0-671d-41b0-97e5-73ead59a1634,52380,Cue,S,4,2026-04-07 13:13:23.748397
eb8cdffc-7dbc-470b-9802-cf1c7b4e3c14,52450,Cunderdin,S,44,2026-04-07 13:13:23.748397
d2c35582-5ec5-4d57-b5b5-4ed9e55d23df,52520,Dalwallinu,S,14,2026-04-07 13:13:23.748397
95286a2d-e06a-44fd-a62e-3502c39853a3,52590,Dandaragan,S,119,2026-04-07 13:13:23.748397
afa6c714-c4f6-45b0-9a03-185c3ad00ff2,52660,Dardanup,S,546,2026-04-07 13:13:23.748397
8158624d-005c-484b-8866-112cb0471ed7,52730,Denmark,S,259,2026-04-07 13:13:23.748397
74975ccc-f700-48d7-aec2-1d9c139773e6,52800,Derby-West Kimberley,S,176,2026-04-07 13:13:23.748397
aebb1e08-6a7a-4571-8b67-72ba155b020f,52870,Donnybrook-Balingup,S,232,2026-04-07 13:13:23.748397
58619a8c-8a7d-42a7-a11f-112e1aa4c9a0,52940,Dowerin,S,19,2026-04-07 13:13:23.748397
bd27be24-f313-4028-91b2-e506fc0a0451,53010,Dumbleyung,S,26,2026-04-07 13:13:23.748397
0f85aae7-83cb-4747-86f6-f3f7ae7569da,53080,Dundas,S,31,2026-04-07 13:13:23.748397
84ad4d57-4af2-4da2-8066-91cd3d24e1cc,53150,East Fremantle,T,177,2026-04-07 13:13:23.748397
71485545-b4b8-4f6c-b637-d4a7515bcee5,53220,East Pilbara,S,75,2026-04-07 13:13:23.748397
3b46533a-ba85-41df-b6e5-df5e74196620,53290,Esperance,S,410,2026-04-07 13:13:23.748397
faa18a99-2bc1-4967-88ee-312164a8ef38,53360,Exmouth,S,42,2026-04-07 13:13:23.748397
b2199039-4e39-478f-b59d-6c4f5adf6a08,53430,Fremantle,C,806,2026-04-07 13:13:23.748397
3a7e9573-2624-4504-8a6d-96b89d89db87,53570,Gingin,S,81,2026-04-07 13:13:23.748397
21e91eb4-0a15-43e4-9246-b1b017a4c29f,53640,Gnowangerup,S,17,2026-04-07 13:13:23.748397
4e16588d-ead4-48c6-8444-c130fda112a1,53710,Goomalling,S,26,2026-04-07 13:13:23.748397
3c905f52-928c-48e7-85d1-5ed98a245445,53780,Gosnells,C,3134,2026-04-07 13:13:23.748397
10d3e6d3-9d03-40e5-9714-3bc51b982b6e,53800,Greater Geraldton,C,1135,2026-04-07 13:13:23.748397
3c2c3e89-8b79-44a4-8702-0a8cf0e534e5,53920,Halls Creek,S,77,2026-04-07 13:13:23.748397
15c02c11-9c0c-43b2-931f-6a38fd2c0ed9,53990,Harvey,S,1047,2026-04-07 13:13:23.748397
615c34d5-99b5-40da-9fa3-5fb151fce821,54060,Irwin,S,214,2026-04-07 13:13:23.748397
6154591f-fa63-4cb9-9430-112977b6ce6a,54130,Jerramungup,S,18,2026-04-07 13:13:23.748397
c2be3986-f2e4-48dc-8f5c-5d516e6a4a02,54170,Joondalup,C,3624,2026-04-07 13:13:23.748397
a57bcfdf-56f8-4e61-a0f6-14a72301f0c1,54200,Kalamunda,C,1902,2026-04-07 13:13:23.748397
169c19d3-6c4d-4e3e-934c-671c87dccb36,54280,Kalgoorlie/Boulder,C,237,2026-04-07 13:13:23.748397
4dd8cb89-dc8f-4b9a-bbe9-62a4039ad26f,54310,Karratha,C,68,2026-04-07 13:13:23.748397
363628ee-3589-4f51-81a0-c9af6b13e44e,54340,Katanning,S,116,2026-04-07 13:13:23.748397
cb804174-c3d1-4df4-8100-d8554b8947b4,54410,Kellerberrin,S,12,2026-04-07 13:13:23.748397
f21c5d81-6d33-478a-8552-41d8f41a4fea,54480,Kent,S,3,2026-04-07 13:13:23.748397
eb75182c-df09-4bbb-bcdc-8854c2bc87fa,54550,Kojonup,S,55,2026-04-07 13:13:23.748397
dfd9680f-34bd-4ac3-b1b4-8331737c29ba,54620,Kondinin,S,26,2026-04-07 13:13:23.748397
71291f5d-e876-49cd-b93f-19f6423762f8,54690,Koorda,S,5,2026-04-07 13:13:23.748397
1699aed1-9750-4bb1-a632-1bbc00aae4a3,54760,Kulin,S,32,2026-04-07 13:13:23.748397
b172f7eb-bc1a-4e24-8f22-7d7e34d83de3,54830,Kwinana,C,822,2026-04-07 13:13:23.748397
19ff8307-1284-44d5-a281-c356518a03bf,54900,Lake Grace,S,33,2026-04-07 13:13:23.748397
41dbaaae-261f-4b7a-bfb5-7a468bd623e2,54970,Laverton,S,18,2026-04-07 13:13:23.748397
aaa329e3-473d-4f9f-bb3e-b750b6694eb7,55040,Leonora,S,49,2026-04-07 13:13:23.748397
7819a83b-f8d5-4aa6-b4ca-1e9ebcdfc4d8,55110,Mandurah,C,4838,2026-04-07 13:13:23.748397
2c30f4c8-4788-492b-9800-64fa3ac9ffca,55180,Manjimup,S,355,2026-04-07 13:13:23.748397
37b02c77-b80b-4ba1-842a-de1b038607d9,55250,Meekatharra,S,4,2026-04-07 13:13:23.748397
5c2db553-cf15-49ca-b165-4a6f04f6c7c4,55320,Melville,C,3347,2026-04-07 13:13:23.748397
6a47d719-4859-4bec-bd70-f4d5d4ef56cc,55390,Menzies,S,9,2026-04-07 13:13:23.748397
526b1e73-26a3-4d36-96a7-4e7fa92f5c2a,55460,Merredin,S,34,2026-04-07 13:13:23.748397
3fc17209-bd08-4fae-95da-c769ab725da3,55530,Mingenew,S,16,2026-04-07 13:13:23.748397
ff3a6b9d-bc6b-4cb8-8436-9317560957b3,55600,Moora,S,54,2026-04-07 13:13:23.748397
0907a100-3523-46f0-9615-565208437a00,55670,Morawa,S,48,2026-04-07 13:13:23.748397
1f81d666-a47b-40b3-8327-4f5c905580e5,55740,Mosman Park,T,225,2026-04-07 13:13:23.748397
23ff58b7-8507-4d29-a3ca-80982fc60977,55810,Mount Magnet,S,2,2026-04-07 13:13:23.748397
ba924dd0-b376-4176-9edf-178917d10490,55880,Mount Marshall,S,3,2026-04-07 13:13:23.748397
e5b25155-4c02-4f1e-bfbd-f883a6066a12,55950,Mukinbudin,S,9,2026-04-07 13:13:23.748397
f42b4a8c-299c-4693-8642-0272970127f4,56090,Mundaring,S,1179,2026-04-07 13:13:23.748397
9e5dce92-15f1-4f4c-a2c7-7a855efb444f,56230,Murray,S,772,2026-04-07 13:13:23.748397
3bf8b519-412b-4c69-9ebc-8fca381e4295,56300,Nannup,S,21,2026-04-07 13:13:23.748397
bdec9299-1693-4432-bd60-c1517e578a75,56370,Narembeen,S,17,2026-04-07 13:13:23.748397
5336a3bc-b5b5-4d5c-845d-57cad85aa7b6,56460,Narrogin,S,185,2026-04-07 13:13:23.748397
be076259-e274-4c3b-a309-2a25448bdc89,56580,Nedlands,C,654,2026-04-07 13:13:23.748397
dd67f446-a21a-4613-88ed-0fb188d6bd4a,56620,Ngaanyatjarraku,S,65,2026-04-07 13:13:23.748397
bb791e53-73ad-4a0d-b98d-536ed7b5b37a,56730,Northam,S,300,2026-04-07 13:13:23.748397
5f3b99ea-fe99-4baf-82ca-ba40ff5b9f90,56790,Northampton,S,133,2026-04-07 13:13:23.748397
6f8b4d61-1864-46b9-a12a-be0c6d5fc9de,56930,Peppermint Grove,S,20,2026-04-07 13:13:23.748397
0947be58-ff71-4123-b7ec-8452782a7438,57000,Perenjori,S,17,2026-04-07 13:13:23.748397
71573e29-7367-45e2-8e13-31f94cf068f0,57080,Perth,C,338,2026-04-07 13:13:23.748397
dc2e9022-25c6-458e-8196-0922a39bb97f,57140,Pingelly,S,46,2026-04-07 13:13:23.748397
71bb2d76-aa96-482b-84ab-cf80bce1246c,57210,Plantagenet,S,173,2026-04-07 13:13:23.748397
ea6cdf36-1f5f-4774-aa67-2c3a06f4f2f8,57280,Port Hedland,T,59,2026-04-07 13:13:23.748397
e2d6bde2-eacd-41df-9a8b-b2250d90cbf7,57350,Quairading,S,32,2026-04-07 13:13:23.748397
f38286f3-ae86-4274-a18b-8c64c34ffe8b,57420,Ravensthorpe,S,50,2026-04-07 13:13:23.748397
992b9872-5e99-45af-99ef-fe9cf5218280,57490,Rockingham,C,3544,2026-04-07 13:13:23.748397
4ff927be-d223-421d-8444-6a47a10ca897,57700,Serpentine-Jarrahdale,S,453,2026-04-07 13:13:23.748397
8c3da326-a336-4ce9-94d0-6cd5bb28f63b,57770,Shark Bay,S,12,2026-04-07 13:13:23.748397
7ef4755b-5a50-4370-811e-75e6b0eac2fd,57840,South Perth,C,1179,2026-04-07 13:13:23.748397
40846265-eee9-4f14-99d9-966594c5e161,57910,Stirling,C,7425,2026-04-07 13:13:23.748397
983030e6-9397-4940-8989-ccc0fcff9fe2,57980,Subiaco,C,385,2026-04-07 13:13:23.748397
0b70a8d9-1744-47e5-8f5b-553334d5d4c9,58050,Swan,C,3043,2026-04-07 13:13:23.748397
59aac5ec-b9e9-42be-b775-d370300a6ed8,58190,Tammin,S,18,2026-04-07 13:13:23.748397
53952855-242c-4eb7-8710-4c449f50a741,58260,Three Springs,S,22,2026-04-07 13:13:23.748397
0b1566eb-7938-43d4-8b8c-a15da4b5bda2,58330,Toodyay,S,105,2026-04-07 13:13:23.748397
77023b27-27c0-4964-ba51-34843fa0373c,58400,Trayning,S,5,2026-04-07 13:13:23.748397
bbf79a23-1bbd-4bfc-8941-83a26b4c6f67,58510,Victoria Park,T,782,2026-04-07 13:13:23.748397
44e721b6-51b6-408d-be62-881c3d55ead0,58540,Victoria Plains,S,15,2026-04-07 13:13:23.748397
d6251ffa-df67-4f00-b2c4-0119e8a04d43,58570,Vincent,C,549,2026-04-07 13:13:23.748397
0cb088d4-754b-4f99-b031-23ace5f82547,58610,Wagin,S,106,2026-04-07 13:13:23.748397
ae5f515d-e062-4180-89fa-8dec9b44287f,58680,Wandering,S,12,2026-04-07 13:13:23.748397
2ff38640-5bef-4aa8-9139-421486d699ce,58760,Wanneroo,C,4116,2026-04-07 13:13:23.748397
2db6cb14-6dc9-4c89-a3cf-7f59e0f40ec8,58820,Waroona,S,144,2026-04-07 13:13:23.748397
d5a965ed-33f4-41c9-a343-3b6958a1a57b,58890,West Arthur,S,15,2026-04-07 13:13:23.748397
6fd2e53a-228f-4290-82d4-ef2b43eef9d0,59100,Wickepin,S,39,2026-04-07 13:13:23.748397
24828202-ce4a-4dff-afc1-41eaca417cf4,59170,Williams,S,25,2026-04-07 13:13:23.748397
d6db8b7c-1e35-4699-8054-0fee6617df53,59250,Wiluna,S,11,2026-04-07 13:13:23.748397
6ca9269d-ab05-4ba5-b9f6-40101477c893,59310,Wongan-Ballidu,S,29,2026-04-07 13:13:23.748397
bc31313c-124a-47e1-b514-6bbcf6becddb,59320,Woodanilling,S,7,2026-04-07 13:13:23.748397
b2a9d8ae-30e6-4e8d-9758-7c2dcf8f59d1,59330,Wyalkatchem,S,24,2026-04-07 13:13:23.748397
d5064f7f-7d44-42c1-91fd-4ddf7e1ca0e5,59340,Wyndham-East Kimberley,S,30,2026-04-07 13:13:23.748397
e2b38d1c-9ffd-4e27-a8ca-e5f36ec463d6,59350,Yalgoo,S,1,2026-04-07 13:13:23.748397
2a41eaef-1d89-4b68-b211-5825d22073aa,59360,Yilgarn,S,11,2026-04-07 13:13:23.748397
fc621af4-d173-43a3-b93e-97045662a8ff,59370,York,S,190,2026-04-07 13:13:23.748397
e38e36d2-8651-4204-acc3-72a2e92430db,60210,Break O'Day,M,408,2026-04-07 13:13:23.748397
5e8a3d25-2cff-4a76-bc25-d9849f9d4204,60410,Brighton,M,648,2026-04-07 13:13:23.748397
d8e844cb-6e4b-434e-afb7-0e4ae4c0d802,60610,Burnie,C,801,2026-04-07 13:13:23.748397
91d53df5-9a6b-4b26-8122-6694c80d16ef,60810,Central Coast,M,1405,2026-04-07 13:13:23.748397
f3c1f4cb-66f9-4b7e-b1d4-38fdceabe8ba,61010,Central Highlands,M,84,2026-04-07 13:13:23.748397
6cc71b15-e6b0-4ac2-952c-7de1641c0d79,61210,Circular Head,M,419,2026-04-07 13:13:23.748397
295ad7bd-c895-4092-807e-0cc4f03294fe,61410,Clarence,C,2723,2026-04-07 13:13:23.748397
9347dda1-7d52-4353-a428-3c9004b9c898,61510,Derwent Valley,M,430,2026-04-07 13:13:23.748397
88f0a836-da3d-4372-9b25-101cbcb0de4e,61610,Devonport,C,1471,2026-04-07 13:13:23.748397
37702c92-e657-4d3a-8f16-ac42fd05d925,61810,Dorset,M,383,2026-04-07 13:13:23.748397
f8556913-78ef-4958-8de3-2838d2f25c96,62010,Flinders,M,125,2026-04-07 13:13:23.748397
8904c8de-1eba-474d-b846-ad4d5cf0c75c,62210,George Town,M,358,2026-04-07 13:13:23.748397
2dab9f17-3cb3-445c-89a3-0ae3939820fd,62410,Glamorgan/Spring Bay,M,280,2026-04-07 13:13:23.748397
ad6dfe57-1269-4a7d-acc3-32456a9a2e06,62610,Glenorchy,C,2161,2026-04-07 13:13:23.748397
8a8f4430-38e7-457e-8f82-2947185c3094,62810,Hobart,C,1705,2026-04-07 13:13:23.748397
956ce290-61d5-4421-9acb-3e9bff0d5993,63010,Huon Valley,M,661,2026-04-07 13:13:23.748397
bd29b945-88a7-414e-95f3-15e25c24f083,63210,Kentish,M,267,2026-04-07 13:13:23.748397
50c2792a-48a6-41d2-87be-9fe8bed2bf66,63410,King Island,M,69,2026-04-07 13:13:23.748397
efad721a-786d-4f2b-867c-db1cb0be7bb4,63610,Kingborough,M,1564,2026-04-07 13:13:23.748397
6eb9f6b3-792a-4a03-b460-aa86a26e29ef,63810,Latrobe,M,674,2026-04-07 13:13:23.748397
d9a1bebc-24cf-4b5e-86f1-d002cc4a1eac,64010,Launceston,C,3215,2026-04-07 13:13:23.748397
22e1983f-ef8a-422e-88de-b77b93f144a5,64210,Meander Valley,M,996,2026-04-07 13:13:23.748397
99ccaba6-57d5-49df-98bf-e17b76ed7085,64610,Northern Midlands,M,799,2026-04-07 13:13:23.748397
61c99dd1-8e5c-4ffe-ba59-49af1388e9b5,64810,Sorell,M,683,2026-04-07 13:13:23.748397
e1aa1e05-730c-466a-9f2b-9430efca142f,65010,Southern Midlands,M,230,2026-04-07 13:13:23.748397
b8f9413d-6373-4ef5-a0ae-054981446860,65210,Tasman,M,134,2026-04-07 13:13:23.748397
9fe69380-78fd-4d09-b8ff-390f1e5eb497,65410,Waratah/Wynyard,M,759,2026-04-07 13:13:23.748397
a9fb01d1-156e-449f-a1e6-16c1f3f1b65a,65610,West Coast,M,193,2026-04-07 13:13:23.748397
07e6ac18-8221-4e5a-8d6a-a915e792618b,65810,West Tamar,M,1150,2026-04-07 13:13:23.748397
a768eef5-c2c1-44c1-bc24-37cc0e64ca55,70200,Alice Springs,T,739,2026-04-07 13:13:23.748397
9ed239aa-b4c5-46d8-954b-e41d77becdb8,70420,Barkly,R,182,2026-04-07 13:13:23.748397
282027a1-59f1-4d26-b520-e87bac8c0657,70540,Belyuen,S,9,2026-04-07 13:13:23.748397
2db359c6-4f17-4a2b-84df-15899dfdec56,70620,Central Desert,R,95,2026-04-07 13:13:23.748397
4f2f5741-6809-466e-9c54-27bc94269bbb,70700,Coomalie,S,45,2026-04-07 13:13:23.748397
2e33d968-e1c8-41c1-9ffc-c7cf7f42320e,71000,Darwin,C,1983,2026-04-07 13:13:23.748397
076929b9-69ff-4861-aecc-474b7e45d50a,71300,East Arnhem,R,219,2026-04-07 13:13:23.748397
b53dad6b-59e8-4241-91f3-a2bb40d1026f,72200,Katherine,T,235,2026-04-07 13:13:23.748397
e17743d6-9229-44a8-8783-548544984c77,72300,Litchfield,M,325,2026-04-07 13:13:23.748397
848f27e0-fa1f-4c69-80b6-56c1f3fd8b58,72330,MacDonnell,R,207,2026-04-07 13:13:23.748397
160b7270-f14c-42e6-900d-611cce7e2271,72800,Palmerston,C,617,2026-04-07 13:13:23.748397
c41d28ce-35ff-4453-a7ce-29226f70c406,73600,Roper Gulf,R,137,2026-04-07 13:13:23.748397
7c0e5d36-9083-4096-941c-0e3e2c0e3c9c,74050,Tiwi Islands,R,65,2026-04-07 13:13:23.748397
8f39a092-67e6-49fa-a8ec-ee112949a46a,74550,Victoria Daly,R,48,2026-04-07 13:13:23.748397
c6ce8c4a-42b3-4e04-9a41-e97ff2580021,74560,Wagait,S,19,2026-04-07 13:13:23.748397
25fd5049-f184-4a8d-ac69-cdbd919876dd,74660,West Arnhem,R,114,2026-04-07 13:13:23.748397
ee248e0d-6f19-4003-8f34-cd436d934531,74680,West Daly,R,20,2026-04-07 13:13:23.748397
6f282899-c192-4908-8fb8-30bfcf289b94,79399,Unincorporated NT,,92,2026-04-07 13:13:23.748397
49bd8e2c-5ef3-48ab-a3f0-76c83b4e70ef,89399,Unincorporated ACT,,10630,2026-04-07 13:13:23.748397
eb6cfb10-6a5f-44c5-9b54-32bc61eb6727,99399,Unincorp. Other Territories,,168,2026-04-07 13:13:23.748397
